symbol,expiryDate,strikePrice,underlying,CE_OI,CE_CHGOI,CE_IV,CE_LTP,CE_BIDQTY,CE_BID,CE_ASK,CE_ASKQTY,PE_OI,PE_CHGOI,PE_IV,PE_LTP,PE_BIDQTY,PE_BID,PE_ASK,PE_ASKQTY
NIFTY,02-Dec-2025,24050,NA,NA,NA,NA,NA,NA,NA,NA,NA,2,0,0,0,75,11.05,32.9,75
NIFTY,02-Dec-2025,24100,NA,NA,NA,NA,NA,NA,NA,NA,NA,24,6,16.07,18.4,75,17.95,20.95,75
NIFTY,02-Dec-2025,24150,NA,NA,NA,NA,NA,NA,NA,NA,NA,0,0,0,0,225,12.1,46.9,150
NIFTY,02-Dec-2025,24200,NA,NA,NA,NA,NA,NA,NA,NA,NA,0,0,0,0,75,16.4,30.9,75
NIFTY,02-Dec-2025,24250,NA,NA,NA,NA,NA,NA,NA,NA,NA,0,0,0,0,225,13.6,46.9,150
NIFTY,02-Dec-2025,24300,NA,NA,NA,NA,NA,NA,NA,NA,NA,17,0,0,0,75,21.35,24.8,75
NIFTY,02-Dec-2025,24350,NA,NA,NA,NA,NA,NA,NA,NA,NA,0,0,0,0,75,16.55,46.95,75
NIFTY,02-Dec-2025,24400,NA,NA,NA,NA,NA,NA,NA,NA,NA,35,2,15.3,28,150,23.65,27,75
NIFTY,02-Dec-2025,24450,NA,NA,NA,NA,NA,NA,NA,NA,NA,0,0,0,0,75,22.25,34.35,75
NIFTY,02-Dec-2025,24500,NA,NA,NA,NA,NA,NA,NA,NA,NA,104,10,14.82,28.7,150,27.4,29.4,75
NIFTY,02-Dec-2025,24550,NA,NA,NA,NA,NA,NA,NA,NA,NA,0,0,0,0,75,26.6,42.05,75
NIFTY,02-Dec-2025,24600,NA,NA,NA,NA,NA,NA,NA,NA,NA,3,0,0,0,75,27.15,43.3,75
NIFTY,02-Dec-2025,24650,NA,NA,NA,NA,NA,NA,NA,NA,NA,0,0,0,0,75,28.4,47.4,75
NIFTY,02-Dec-2025,24700,NA,NA,NA,NA,NA,NA,NA,NA,NA,0,0,0,0,900,22.8,47.65,75
NIFTY,02-Dec-2025,24750,NA,NA,NA,NA,NA,NA,NA,NA,NA,0,0,0,0,75,32.6,51.05,75
NIFTY,02-Dec-2025,24800,NA,NA,NA,NA,NA,NA,NA,NA,NA,0,0,0,0,900,32.8,53.05,75
NIFTY,02-Dec-2025,24850,NA,NA,NA,NA,NA,NA,NA,NA,NA,0,0,0,0,75,27.7,56.7,75
NIFTY,02-Dec-2025,24900,NA,NA,NA,NA,NA,NA,NA,NA,NA,0,0,0,0,900,37.3,95.35,900
NIFTY,02-Dec-2025,24950,NA,NA,NA,NA,NA,NA,NA,NA,NA,23,0,14.35,64.4,75,44.8,54.4,75
NIFTY,02-Dec-2025,25000,NA,NA,NA,NA,NA,NA,NA,NA,NA,29,28,13.33,53,150,53.65,54.9,75
NIFTY,02-Dec-2025,25050,NA,NA,NA,NA,NA,NA,NA,NA,NA,0,0,0,0,450,28.9,89.3,75
NIFTY,02-Dec-2025,25100,NA,NA,NA,NA,NA,NA,NA,NA,NA,0,0,0,0,900,36.05,73.6,150
NIFTY,02-Dec-2025,25150,NA,NA,NA,NA,NA,NA,NA,NA,NA,0,0,0,0,1800,36.6,84.05,375
NIFTY,02-Dec-2025,25200,NA,NA,NA,NA,NA,NA,NA,NA,NA,26,25,12.89,73.85,75,72.5,74.65,75
NIFTY,02-Dec-2025,25250,NA,NA,NA,NA,NA,NA,NA,NA,NA,24,0,13.59,94.8,75,73.15,84.7,75
NIFTY,02-Dec-2025,25300,NA,NA,NA,NA,NA,NA,NA,NA,NA,51,12,12.67,84.45,75,84.45,86.35,75
NIFTY,02-Dec-2025,25350,26022.5,1,0,0,0,75,506.8,1229.9,75,21,0,12.92,99.15,75,88.9,99.85,75
NIFTY,02-Dec-2025,25400,26022.5,0,0,0,0,675,498.2,1319.45,600,49,-13,12.44,98.55,75,100,101.95,75
NIFTY,02-Dec-2025,25450,26022.5,0,0,0,0,525,482.4,1357.55,75,32,-2,12.98,120.2,75,106.55,116.05,75
NIFTY,02-Dec-2025,25500,26022.5,7,0,8.71,814.5,900,495.4,866.8,75,69,17,12.31,117,75,117.8,118.9,75
NIFTY,02-Dec-2025,25550,26022.5,0,0,0,0,450,592.4,1088.55,375,28,-5,12.41,129.35,75,126.95,128.95,75
NIFTY,02-Dec-2025,25600,26022.5,0,0,0,0,675,493.7,1061.7,75,30,-12,12.12,135.4,75,136.35,140.65,75
NIFTY,02-Dec-2025,25650,26022.5,0,0,0,0,375,444.6,1010.85,75,27,5,12.18,148.45,150,148.4,150.55,75
NIFTY,02-Dec-2025,25700,26022.5,10,1,11.11,706.65,75,686,709.1,75,64,9,12.14,161,75,160.25,162.15,75
NIFTY,02-Dec-2025,25750,26022.5,0,0,0,0,525,422,802.75,75,20,3,12.31,179.8,150,173.55,177.65,75
NIFTY,02-Dec-2025,25800,26022.5,10,-4,11.03,644.55,75,619,629.1,75,123,9,11.88,182.5,75,184.75,188.3,75
NIFTY,02-Dec-2025,25850,26022.5,5,0,11.1,600.95,75,585.6,597.45,75,10,1,11.84,198,75,199.75,204.1,75
NIFTY,02-Dec-2025,25900,26022.5,19,-3,10.83,560,75,551.8,557.35,75,39,6,11.67,210,75,214.65,218.6,75
NIFTY,02-Dec-2025,25950,26022.5,7,-3,10.88,531.5,75,517.15,524.45,75,11,-5,11.78,231.2,75,228.9,235.5,75
NIFTY,02-Dec-2025,26000,26022.5,148,16,10.82,509.05,75,488.05,496.65,75,225,11,11.52,242.5,75,249.2,251.35,75
NIFTY,02-Dec-2025,26050,26022.5,12,0,11.01,472,75,453.65,465.4,75,13,4,11.39,268,75,263.4,271.45,75
NIFTY,02-Dec-2025,26100,26022.5,31,12,11.21,442.3,75,424.55,430.65,75,22,-5,11.45,285,75,285.1,291,75
NIFTY,02-Dec-2025,26150,26022.5,21,4,10.75,406.8,75,394.5,407.05,75,10,1,12.53,336.05,75,301.8,311,75
NIFTY,02-Dec-2025,26200,26022.5,33,15,10.76,380.3,75,367.5,373.05,150,18,-2,11.34,321.75,75,327.3,333.1,75
NIFTY,02-Dec-2025,26250,26022.5,6,0,9.4,311.65,75,342.2,353.85,75,7,-1,11.23,342.2,75,345.2,355.85,75
NIFTY,02-Dec-2025,26300,26022.5,13,0,0,0,75,316.55,325.75,75,28,-21,11.4,372.55,75,376.95,381.75,75
NIFTY,02-Dec-2025,26350,26022.5,4,0,0,0,75,292.75,304.85,75,0,0,0,0,450,232,464.15,75
NIFTY,02-Dec-2025,26400,26022.5,34,8,10.66,281.6,75,273.05,278.3,150,13,0,12.81,470.5,75,419.5,436.7,75
NIFTY,02-Dec-2025,26450,26022.5,5,2,9.55,225.95,75,250.6,259.25,75,0,0,0,0,450,318.15,688.2,75
NIFTY,02-Dec-2025,26500,26022.5,201,30,10.62,236.75,75,233.8,236.7,75,25,5,11.33,481.5,75,280.4,491.4,75
NIFTY,02-Dec-2025,26550,26022.5,24,0,10.47,215.85,75,212.15,220.05,75,NA,NA,NA,NA,NA,NA,NA,NA
NIFTY,02-Dec-2025,26600,26022.5,39,-3,10.6,202.2,75,194.8,199.45,75,0,0,21.83,867.35,0,0,849.95,75
NIFTY,02-Dec-2025,26650,26022.5,30,-1,9.64,157.7,75,177.8,184.85,75,NA,NA,NA,NA,NA,NA,NA,NA
NIFTY,02-Dec-2025,26700,26022.5,51,0,10.59,170.65,75,162.95,165.35,150,NA,NA,NA,NA,NA,NA,NA,NA
NIFTY,02-Dec-2025,26750,26022.5,48,17,10.48,152,75,146.95,154.25,75,NA,NA,NA,NA,NA,NA,NA,NA
NIFTY,02-Dec-2025,26800,26022.5,75,-9,10.56,141.95,75,133.95,136.5,75,NA,NA,NA,NA,NA,NA,NA,NA
NIFTY,02-Dec-2025,26850,26022.5,81,53,10.59,128.55,75,120.9,127.8,75,NA,NA,NA,NA,NA,NA,NA,NA
NIFTY,02-Dec-2025,26900,26022.5,0,0,0,0,900,85.5,209.35,900,NA,NA,NA,NA,NA,NA,NA,NA
NIFTY,02-Dec-2025,26950,26022.5,0,0,0,0,75,50.6,150.8,75,NA,NA,NA,NA,NA,NA,NA,NA
NIFTY,02-Dec-2025,27000,26022.5,893,784,10.62,94.2,75,92.8,93.45,300,NA,NA,NA,NA,NA,NA,NA,NA
NIFTY,02-Dec-2025,27050,26022.5,0,0,0,0,900,40.85,0,0,NA,NA,NA,NA,NA,NA,NA,NA
NIFTY,02-Dec-2025,27100,26022.5,0,0,0,0,900,43.2,96,75,NA,NA,NA,NA,NA,NA,NA,NA
NIFTY,02-Dec-2025,27150,26022.5,0,0,0,0,900,50.8,128.2,750,NA,NA,NA,NA,NA,NA,NA,NA
NIFTY,02-Dec-2025,27200,26022.5,0,0,0,0,2700,45.15,83.6,75,NA,NA,NA,NA,NA,NA,NA,NA
NIFTY,02-Dec-2025,27250,26022.5,0,0,0,0,75,41.65,88.25,900,NA,NA,NA,NA,NA,NA,NA,NA
NIFTY,02-Dec-2025,27300,26022.5,0,0,0,0,900,32.9,72.5,75,NA,NA,NA,NA,NA,NA,NA,NA
NIFTY,02-Dec-2025,27350,26022.5,0,0,0,0,75,29.9,70,300,NA,NA,NA,NA,NA,NA,NA,NA
NIFTY,02-Dec-2025,27400,26022.5,0,0,0,0,75,27.75,62.65,75,NA,NA,NA,NA,NA,NA,NA,NA
NIFTY,02-Dec-2025,27450,26022.5,0,0,0,0,75,24.3,63.4,75,NA,NA,NA,NA,NA,NA,NA,NA
NIFTY,02-Dec-2025,27500,26022.5,0,0,0,0,75,30.05,53.95,150,NA,NA,NA,NA,NA,NA,NA,NA
NIFTY,02-Dec-2025,27550,26022.5,57,8,10.64,28,150,25.05,30.7,150,NA,NA,NA,NA,NA,NA,NA,NA
NIFTY,02-Dec-2025,27600,26022.5,0,0,0,0,75,13.25,43,600,NA,NA,NA,NA,NA,NA,NA,NA
NIFTY,02-Dec-2025,27650,26022.5,50,7,10.77,23,75,20.05,28.4,75,NA,NA,NA,NA,NA,NA,NA,NA
NIFTY,02-Dec-2025,27700,26022.5,0,0,0,0,150,8.05,36.8,600,NA,NA,NA,NA,NA,NA,NA,NA
NIFTY,04-Nov-2025,22850,26022.5,84,0,0,0,75,3234.25,3313.8,75,45128,24950,37.63,1.15,392325,1.1,1.15,707550
NIFTY,04-Nov-2025,22900,26022.5,4,0,0,0,75,3189.85,3275.55,900,10174,4136,37.23,1.1,223950,1.1,1.15,200400
NIFTY,04-Nov-2025,22950,26022.5,1,0,0,0,75,3136.75,3198,900,408,244,36.82,1.25,4725,1.2,1.25,375
NIFTY,04-Nov-2025,23000,26022.5,299,7,62.59,3121.35,75,3090.1,3104.25,75,19609,3361,36.7,1.3,308250,1.3,1.35,311400
NIFTY,04-Nov-2025,23050,26022.5,1,0,0,0,750,3011,3112.25,750,316,286,36.12,1.3,9450,1.3,1.4,225
NIFTY,04-Nov-2025,23100,26022.5,1,0,0,0,750,2986.3,3078.35,750,946,681,35.82,1.35,12300,1.35,1.4,900
NIFTY,04-Nov-2025,23150,26022.5,1,0,0,0,75,2917.25,3020.05,750,488,319,35.24,1.4,75,1.4,1.45,2025
NIFTY,04-Nov-2025,23200,26022.5,6,0,0,0,75,2888.05,2915.85,75,724,236,34.79,1.5,1950,1.45,1.5,2925
NIFTY,04-Nov-2025,23250,26022.5,2,0,0,0,75,2838.3,2925.95,900,193,127,34.21,1.55,5850,1.5,1.55,675
NIFTY,04-Nov-2025,23300,26022.5,2,0,0,0,75,2789.2,2861.5,750,1639,945,33.75,1.55,34425,1.5,1.55,41850
NIFTY,04-Nov-2025,23350,26022.5,1,0,0,0,75,2723.2,2820.1,150,424,368,33.18,1.55,8025,1.5,1.65,5850
NIFTY,04-Nov-2025,23400,26022.5,1,0,0,0,75,2688.8,2754.45,150,6489,6126,32.71,1.55,123300,1.5,1.55,65400
NIFTY,04-Nov-2025,23450,26022.5,3,0,0,0,75,2639.15,2722.75,750,270,90,32.35,1.7,4950,1.65,1.75,4350
NIFTY,04-Nov-2025,23500,26022.5,232,0,0,0,75,2583.35,2619.05,75,24274,5531,32.07,1.8,257325,1.75,1.8,80250
NIFTY,04-Nov-2025,23550,26022.5,4,0,0,0,75,2539.3,2606.6,750,632,568,31.58,1.75,9300,1.75,1.85,3450
NIFTY,04-Nov-2025,23600,26022.5,2,0,0,0,75,2489.5,2519.95,75,2160,1709,31.08,1.9,62850,1.85,1.9,24450
NIFTY,04-Nov-2025,23650,26022.5,3,0,0,2395.05,75,2445.1,2457.45,75,1924,1813,30.49,1.95,58875,1.9,1.95,37275
NIFTY,04-Nov-2025,23700,26022.5,2,0,0,0,75,2392.25,2460.15,750,4396,3558,29.9,1.9,104625,1.9,1.95,70350
NIFTY,04-Nov-2025,23750,26022.5,3,0,0,0,75,2338.65,2369.1,75,219,159,29.57,1.95,975,1.95,2.05,600
NIFTY,04-Nov-2025,23800,26022.5,5,0,0,0,75,2289.85,2319.85,750,9184,1474,28.9,2.1,142425,2.05,2.1,118575
NIFTY,04-Nov-2025,23850,26022.5,3,0,0,2199.65,75,2245.65,2256.7,75,264,173,28.54,2.1,5250,2,2.15,525
NIFTY,04-Nov-2025,23900,26022.5,7,0,0,0,75,2192.8,2219.15,75,1916,1021,28.02,2.1,51525,2.1,2.2,23475
NIFTY,04-Nov-2025,23950,26022.5,7,0,0,0,75,2139.65,2170,75,551,371,27.43,2.25,2550,2.15,2.25,5325
NIFTY,04-Nov-2025,24000,26022.5,899,0,48.79,2140.6,75,2097.95,2109.4,75,64046,4762,26.97,2.35,288825,2.3,2.35,139350
NIFTY,04-Nov-2025,24050,26022.5,4,0,0,0,75,2047.35,2075.45,750,875,508,26.37,2.35,7725,2.2,2.4,750
NIFTY,04-Nov-2025,24100,26022.5,20,0,0,0,75,1996.95,2021.3,75,4132,-62,25.84,2.3,91275,2.3,2.35,47700
NIFTY,04-Nov-2025,24150,26022.5,9,0,45.79,1989.6,150,1947.45,1961,75,915,651,25.31,2.5,2025,2.4,2.45,2025
NIFTY,04-Nov-2025,24200,26022.5,52,-1,0,1859.6,75,1896.1,1919.25,75,11069,3089,24.83,2.45,157500,2.4,2.45,126150
NIFTY,04-Nov-2025,24250,26022.5,11,0,0,0,150,1846.6,1870.1,75,1482,415,24.34,2.5,30225,2.5,2.55,29625
NIFTY,04-Nov-2025,24300,26022.5,29,0,22.69,1775.8,75,1797.7,1818,75,5989,907,23.74,2.55,119250,2.55,2.6,45450
NIFTY,04-Nov-2025,24350,26022.5,5,0,0,0,150,1747.7,1769.8,75,1918,1414,23.19,2.7,62775,2.65,2.7,39975
NIFTY,04-Nov-2025,24400,26022.5,23,0,35.07,1709,75,1688.5,1712.4,75,14949,8506,22.69,2.7,172500,2.7,2.75,172050
NIFTY,04-Nov-2025,24450,26022.5,10,0,0,0,150,1649.8,1672.3,75,2390,1745,22.28,2.9,51750,2.85,2.9,47100
NIFTY,04-Nov-2025,24500,26022.5,659,-1,33.57,1610,150,1598.15,1606.65,75,56431,27873,21.8,3.1,81900,3.05,3.1,80025
NIFTY,04-Nov-2025,24550,26022.5,4,0,0,0,75,1549.75,1573.7,75,2823,1975,21.27,3.2,17025,3.15,3.2,3975
NIFTY,04-Nov-2025,24600,26022.5,100,0,36.24,1533.3,75,1498.2,1507.55,75,15620,6669,20.78,3.35,14025,3.3,3.35,22125
NIFTY,04-Nov-2025,24650,26022.5,13,0,0,0,150,1451.2,1472.75,750,2411,1359,20.23,3.5,9225,3.45,3.5,3900
NIFTY,04-Nov-2025,24700,26022.5,309,0,33.6,1428.75,150,1399.75,1409.6,75,17908,6680,19.8,3.7,10725,3.7,3.75,34050
NIFTY,04-Nov-2025,24750,26022.5,45,-1,30.96,1369.05,75,1352.6,1370.95,75,5391,2379,19.23,3.85,6750,3.85,3.9,10425
NIFTY,04-Nov-2025,24800,26022.5,549,-2,32.19,1331.6,75,1299.75,1308.65,75,61974,26845,18.83,4.2,20550,4.15,4.2,52350
NIFTY,04-Nov-2025,24850,26022.5,64,-12,31.89,1285.75,75,1246.65,1260.9,75,7706,5144,18.28,4.45,4050,4.4,4.45,8100
NIFTY,04-Nov-2025,24900,26022.5,785,-3,30.12,1230.5,75,1202.35,1210.75,150,31359,17270,17.84,4.75,6225,4.7,4.75,18375
NIFTY,04-Nov-2025,24950,26022.5,95,-1,0,1114.8,75,1153.15,1173.85,750,7453,2329,17.3,4.95,7050,4.9,4.95,1875
NIFTY,04-Nov-2025,25000,26022.5,4499,-9,25.7,1107,3000,1105,1107.75,75,95833,34322,16.84,5.4,24075,5.35,5.4,2700
NIFTY,04-Nov-2025,25050,26022.5,51,4,25.3,1068.05,75,1053.15,1061.85,75,10440,5320,16.32,5.65,12525,5.6,5.7,8175
NIFTY,04-Nov-2025,25100,26022.5,1381,-73,23.84,1014.85,375,1002.3,1008.6,75,26234,8058,15.78,6,2475,5.95,6,12750
NIFTY,04-Nov-2025,25150,26022.5,120,-2,25.91,984.85,75,954.1,959.9,300,10663,5818,15.28,6.45,4650,6.4,6.45,7500
NIFTY,04-Nov-2025,25200,26022.5,2328,-1,22.74,921.05,75,905.65,909.15,375,44485,12949,14.73,6.9,13275,6.85,6.9,10125
NIFTY,04-Nov-2025,25250,26022.5,173,1,24.12,886.4,75,855.45,860.7,75,11163,4571,14.32,7.65,8400,7.6,7.7,7725
NIFTY,04-Nov-2025,25300,26022.5,1882,-13,22.66,833,75,807.2,811.5,450,43103,13512,13.88,8.6,8250,8.55,8.6,6600
NIFTY,04-Nov-2025,25350,26022.5,291,3,22.33,788.35,300,759.95,763.5,300,16237,7850,13.5,9.8,4950,9.75,9.85,6825
NIFTY,04-Nov-2025,25400,26022.5,1761,-5,19.94,731.6,75,712.1,716.1,150,72125,13838,13.07,11.05,7350,11.05,11.1,29625
NIFTY,04-Nov-2025,25450,26022.5,480,-4,18.48,671,300,663.8,666,150,21081,5659,12.75,13,7650,12.95,13,11625
NIFTY,04-Nov-2025,25500,26022.5,9114,-244,18.24,622.8,75,618.3,619.85,150,88155,20675,12.49,15.65,4650,15.65,15.75,5775
NIFTY,04-Nov-2025,25550,26022.5,563,-13,17.34,571,375,569.15,571.15,150,16805,4349,12.17,18.8,5325,18.7,18.8,2250
NIFTY,04-Nov-2025,25600,26022.5,5971,350,16.94,526.1,450,526.05,527.35,75,50499,12150,11.89,22.6,3225,22.55,22.6,1125
NIFTY,04-Nov-2025,25650,26022.5,1169,-314,16.04,480,150,478.55,480.05,375,25856,13699,11.64,27.4,3975,27.35,27.45,3300
NIFTY,04-Nov-2025,25700,26022.5,7404,-45,15.66,436.9,75,436.65,437.5,225,57753,23653,11.37,33.05,3900,32.9,33.05,4350
NIFTY,04-Nov-2025,25750,26022.5,2525,271,15.14,393.35,225,392.55,393.5,300,34406,21424,11.14,40.3,3900,40.25,40.35,525
NIFTY,04-Nov-2025,25800,26022.5,17376,-127,14.68,355,225,354.55,354.95,1200,81534,38050,10.95,48.85,1575,48.85,48.9,75
NIFTY,04-Nov-2025,25850,26022.5,7568,-1544,14.21,315.2,150,314.5,315.1,225,44828,28345,10.7,59,2025,59,59.15,900
NIFTY,04-Nov-2025,25900,26022.5,29227,-4055,13.79,274,225,274.05,274.5,375,99763,63128,10.54,72.45,825,72.35,72.5,1800
NIFTY,04-Nov-2025,25950,26022.5,22992,4418,13.43,239.2,600,239.1,239.6,375,73869,63220,10.32,87.35,2175,87.1,87.3,900
NIFTY,04-Nov-2025,26000,26022.5,141590,49936,13.13,206.5,1050,206.45,206.9,375,204257,143163,10.11,104.4,1800,104.4,104.6,825
NIFTY,04-Nov-2025,26050,26022.5,60712,41589,12.86,176.9,825,176.7,177.1,1125,59263,52771,9.88,124.15,3075,124.15,124.35,75
NIFTY,04-Nov-2025,26100,26022.5,104181,53007,12.59,150.35,1725,150.05,150.35,300,64562,45371,9.66,146.7,600,146.5,146.8,2700
NIFTY,04-Nov-2025,26150,26022.5,46952,27550,12.46,125.6,450,125.45,125.65,300,16364,13784,9.42,172.6,675,172.6,172.95,525
NIFTY,04-Nov-2025,26200,26022.5,108929,43430,12.32,104.7,1275,104.65,104.85,675,29190,17657,9.17,201.3,375,201.1,201.4,225
NIFTY,04-Nov-2025,26250,26022.5,40650,22861,12.19,85.6,2400,85.75,85.95,900,4071,3004,8.84,233,375,232.75,233.15,300
NIFTY,04-Nov-2025,26300,26022.5,82369,29070,12.1,69.9,5250,70,70.15,900,8305,3590,8.45,267.5,75,267.25,267.5,375
NIFTY,04-Nov-2025,26350,26022.5,30084,15311,12.02,56.6,1800,56.6,56.75,975,1038,742,7.95,304.3,450,303.5,304.15,300
NIFTY,04-Nov-2025,26400,26022.5,68037,19118,11.97,45.45,4425,45.3,45.45,1950,3002,1336,7,342.05,300,342.5,343,375
NIFTY,04-Nov-2025,26450,26022.5,23162,13412,11.98,36.55,225,36.45,36.5,3225,599,393,3.93,380.7,150,382.65,383.4,300
NIFTY,04-Nov-2025,26500,26022.5,105055,35413,12.06,29.1,5775,29.1,29.2,6375,6494,1671,0,425.9,225,424.7,425.5,225
NIFTY,04-Nov-2025,26550,26022.5,22969,8016,12.03,22.9,1200,22.95,23.05,7425,145,122,0,466,150,469,470.7,225
NIFTY,04-Nov-2025,26600,26022.5,48037,15402,12.06,17.85,1725,17.85,17.9,2625,1703,221,0,513.5,150,513.95,515.2,75
NIFTY,04-Nov-2025,26650,26022.5,18814,8830,12.11,14.15,3750,14.1,14.15,5550,107,82,0,533.55,150,560,562.05,150
NIFTY,04-Nov-2025,26700,26022.5,52319,13764,12.17,11,6300,11,11.1,7125,320,78,0,588.7,450,605.5,608.6,75
NIFTY,04-Nov-2025,26750,26022.5,21030,8764,12.27,8.65,11100,8.65,8.7,8250,17,10,0,647.6,300,652.25,657.4,300
NIFTY,04-Nov-2025,26800,26022.5,48032,6974,12.4,6.9,11850,6.85,6.9,1050,425,93,0,684.05,75,701.35,705.9,150
NIFTY,04-Nov-2025,26850,26022.5,16455,7859,12.52,5.55,9900,5.5,5.55,9600,22,18,0,743,300,748.7,753.65,300
NIFTY,04-Nov-2025,26900,26022.5,55065,9016,12.72,4.45,25950,4.45,4.5,32550,61,12,0,789,75,798.5,804.5,75
NIFTY,04-Nov-2025,26950,26022.5,13492,7508,13,3.85,18825,3.8,3.85,8550,18,14,0,831.9,300,846.8,854.75,300
NIFTY,04-Nov-2025,27000,26022.5,139765,27466,13.36,3.45,76725,3.4,3.45,36075,1079,39,0,879.45,300,895.95,900,75
NIFTY,04-Nov-2025,27050,26022.5,12585,4813,13.61,2.85,152550,2.85,2.9,183375,19,15,0,933.9,300,945.45,958.15,300
NIFTY,04-Nov-2025,27100,26022.5,46144,15447,13.91,2.45,165750,2.45,2.5,237975,61,10,0,990,300,994.45,999.05,75
NIFTY,04-Nov-2025,27150,26022.5,9310,5457,14.31,2.3,103275,2.3,2.35,48600,4,0,0,0,750,1028.75,1059.45,75
NIFTY,04-Nov-2025,27200,26022.5,68640,10730,14.56,2,345825,2,2.05,280950,20,0,0,0,750,1077.95,1112.05,75
NIFTY,04-Nov-2025,27250,26022.5,11546,3158,15.06,1.95,159600,1.95,2,116925,5,0,20.85,1186,75,1118.25,1147.8,75
NIFTY,04-Nov-2025,27300,26022.5,42783,15294,15.45,1.85,257025,1.8,1.85,329400,6,0,0,0,750,1176.15,1201.15,75
NIFTY,04-Nov-2025,27350,26022.5,12444,9426,15.98,1.8,193800,1.8,1.85,200775,5,0,0,0,750,1213.6,1248.3,75
NIFTY,04-Nov-2025,27400,26022.5,40044,9504,16.34,1.7,173325,1.7,1.75,344025,11,3,0,1286,75,1288.55,1306.05,75
NIFTY,04-Nov-2025,27450,26022.5,5176,2734,16.8,1.65,75675,1.65,1.7,156750,5,0,0,1320,75,1334.1,1350.25,75
NIFTY,04-Nov-2025,27500,26022.5,98644,34661,17.05,1.55,334725,1.5,1.55,447000,14,0,0,1410,2625,1353.55,1409.9,750
NIFTY,04-Nov-2025,27550,26022.5,5848,4122,17.56,1.45,69975,1.45,1.5,100350,3,0,0,0,2550,1402.1,1479.75,750
NIFTY,04-Nov-2025,27600,26022.5,22595,8871,18.07,1.45,271650,1.45,1.5,235800,3,0,0,0,2550,1456.65,1517,750
NIFTY,04-Nov-2025,27650,26022.5,6636,3964,18.34,1.35,89325,1.35,1.4,131850,4,0,0,0,750,1503.05,1582.95,750
NIFTY,04-Nov-2025,27700,26022.5,23817,18148,18.67,1.25,304950,1.25,1.3,403725,76,1,33.07,1660,525,1583.2,1605.75,225
NIFTY,11-Nov-2025,23300,26022.5,2,0,0,0,750,2811.65,2887.6,750,330,250,25.1,3,150,3,3.2,1275
NIFTY,11-Nov-2025,23350,26022.5,2,0,0,0,750,2764.75,2824.25,750,2,0,0,0,75,2.5,4.25,75
NIFTY,11-Nov-2025,23400,26022.5,1,0,0,0,750,2713.3,2777.3,750,118,102,24.45,3.2,150,3.05,3.4,150
NIFTY,11-Nov-2025,23450,26022.5,2,0,0,0,750,2655.3,2721.7,750,0,0,0,0,1500,2.5,4.95,75
NIFTY,11-Nov-2025,23500,26022.5,2,0,0,0,750,2610.5,2680.6,750,1178,366,23.84,3.5,225,3.45,3.5,1575
NIFTY,11-Nov-2025,23550,26022.5,1,0,0,0,150,2563.3,2618.85,750,16,6,23.01,3,75,3,4.15,150
NIFTY,11-Nov-2025,23600,26022.5,1,0,0,0,75,2524.1,2571.55,750,54,13,22.91,3.35,1650,3.35,3.4,450
NIFTY,11-Nov-2025,23650,26022.5,2,0,0,0,150,2463.3,2519.35,750,0,0,0,0,1500,2.8,5.9,150
NIFTY,11-Nov-2025,23700,26022.5,4,0,0,0,750,2418.8,2467,750,135,6,22.42,3.8,450,3.6,4,1500
NIFTY,11-Nov-2025,23750,26022.5,2,0,0,0,150,2374.25,2419.35,750,0,0,0,0,150,2.75,3.8,75
NIFTY,11-Nov-2025,23800,26022.5,4,0,0,0,150,2320.25,2372.15,150,102,0,21.68,3.95,1575,3.5,3.9,600
NIFTY,11-Nov-2025,23850,26022.5,5,0,0,0,750,2266.2,2318,750,27,0,0,0,150,3.35,5.75,75
NIFTY,11-Nov-2025,23900,26022.5,4,0,0,0,150,2221.9,2281,750,18,0,20.27,3.2,1575,3.35,4.5,1500
NIFTY,11-Nov-2025,23950,26022.5,5,0,0,0,150,2171.7,2219.2,750,0,0,0,0,225,3.1,6.95,75
NIFTY,11-Nov-2025,24000,26022.5,4,0,0,2103,75,2121.5,2151.25,75,2235,182,20.45,4.65,26700,4.6,4.65,6900
NIFTY,11-Nov-2025,24050,26022.5,4,0,0,0,150,2069.45,2132.65,150,26,11,19.92,4.55,975,3.85,5.3,2325
NIFTY,11-Nov-2025,24100,26022.5,3,0,0,0,750,2021.1,2078.65,750,29,6,19.28,4.2,150,4.45,5,225
NIFTY,11-Nov-2025,24150,26022.5,5,0,0,0,750,1974.35,2018.3,750,13,0,19.82,6,750,4.2,5.85,2850
NIFTY,11-Nov-2025,24200,26022.5,5,0,0,0,150,1927.8,1961.75,750,466,54,18.9,5.05,150,4.8,5.3,150
NIFTY,11-Nov-2025,24250,26022.5,4,0,0,0,750,1872.95,1912.6,750,12,0,0,0,75,4.15,6.75,75
NIFTY,11-Nov-2025,24300,26022.5,6,0,0,0,75,1827.95,1866.15,750,356,132,18.38,5.8,600,5.6,5.85,900
NIFTY,11-Nov-2025,24350,26022.5,5,0,0,0,150,1771.7,1816,750,1,0,0,0,750,5.3,7.25,75
NIFTY,11-Nov-2025,24400,26022.5,9,0,27.38,1777.05,75,1729,1760.45,150,354,104,17.71,6.2,150,6.05,6.35,225
NIFTY,11-Nov-2025,24450,26022.5,5,0,26.83,1727.8,75,1678.55,1710.55,75,1,0,0,0,75,5.55,7.65,75
NIFTY,11-Nov-2025,24500,26022.5,43,0,0,0,150,1633.2,1661.7,750,3161,1164,17.06,7.05,2025,6.95,7.05,975
NIFTY,11-Nov-2025,24550,26022.5,7,0,25.65,1628.6,75,1580.65,1611.65,75,22,-2,16.39,6.4,450,7.15,7.6,375
NIFTY,11-Nov-2025,24600,26022.5,5,0,21.2,1550.8,75,1533.45,1561.9,750,861,203,16.34,7.6,225,7.55,7.7,150
NIFTY,11-Nov-2025,24650,26022.5,13,0,0,0,150,1485.7,1512.9,750,161,22,16.16,8.35,150,8.15,8.35,150
NIFTY,11-Nov-2025,24700,26022.5,12,0,0,0,150,1436.4,1463.55,750,747,179,15.74,8.55,600,8.55,8.8,300
NIFTY,11-Nov-2025,24750,26022.5,8,1,0,1368,75,1381.45,1413.95,75,240,122,15.5,9.3,150,8.9,9.8,2550
NIFTY,11-Nov-2025,24800,26022.5,66,0,0,0,75,1333.45,1364.65,750,3144,1010,15.16,10,300,10,10.05,525
NIFTY,11-Nov-2025,24850,26022.5,8,0,0,0,150,1283.95,1315.85,750,319,64,14.95,10.7,150,10.9,11.1,825
NIFTY,11-Nov-2025,24900,26022.5,28,0,21.56,1282.7,75,1243.25,1256.55,75,1137,145,14.61,11.7,1125,11.55,11.7,825
NIFTY,11-Nov-2025,24950,26022.5,32,0,0,0,750,1183.65,1218.25,75,202,57,14.4,12.55,150,12.8,12.95,225
NIFTY,11-Nov-2025,25000,26022.5,218,15,17.82,1161,225,1147,1151.75,75,7607,677,14.08,13.9,450,13.9,14,1425
NIFTY,11-Nov-2025,25050,26022.5,8,0,0,0,225,1093.1,1123,225,347,122,13.84,15.05,225,15.25,15.45,600
NIFTY,11-Nov-2025,25100,26022.5,68,13,18.72,1073,75,1050.1,1055,225,2284,1,13.5,16.4,375,16.45,16.5,450
NIFTY,11-Nov-2025,25150,26022.5,6,0,0,0,300,999.9,1026.05,225,371,16,13.35,18.3,225,18.45,18.65,825
NIFTY,11-Nov-2025,25200,26022.5,311,0,17.66,984,525,955,958.95,75,3786,919,13.09,20.5,525,20.45,20.6,750
NIFTY,11-Nov-2025,25250,26022.5,21,3,17.17,936.15,300,899.65,915.55,75,941,145,12.88,22.8,375,23.15,23.3,75
NIFTY,11-Nov-2025,25300,26022.5,157,24,16.9,889.05,75,861.2,864.55,150,4970,1016,12.64,25.7,1200,25.7,25.85,300
NIFTY,11-Nov-2025,25350,26022.5,28,0,0,0,75,808.05,837.65,750,710,238,12.47,29.2,450,29.05,29.4,225
NIFTY,11-Nov-2025,25400,26022.5,664,13,15.51,796.1,525,769,771.6,75,3349,195,12.29,32.9,150,33,33.15,225
NIFTY,11-Nov-2025,25450,26022.5,114,0,15.44,749.6,75,719.95,729.5,75,934,356,12.2,38,75,37.85,38.05,225
NIFTY,11-Nov-2025,25500,26022.5,1815,66,14.37,691.2,75,679.05,681.2,75,7080,808,12.01,43.15,225,43.15,43.35,375
NIFTY,11-Nov-2025,25550,26022.5,19,0,0,0,1800,627.65,656.7,75,3071,111,11.91,49.5,900,49.2,49.55,600
NIFTY,11-Nov-2025,25600,26022.5,702,111,13.6,618,75,592.05,594.6,75,3319,405,11.7,55.6,525,55.75,55.95,300
NIFTY,11-Nov-2025,25650,26022.5,89,25,14.06,574.55,75,549.55,553.7,75,1630,718,11.51,63.1,600,63.2,63.45,450
NIFTY,11-Nov-2025,25700,26022.5,587,189,13.01,518.45,75,510.55,511.95,75,4128,1160,11.36,72.35,1425,72.35,72.65,225
NIFTY,11-Nov-2025,25750,26022.5,292,84,12.94,473,150,470.7,472.45,150,1677,108,11.19,82.25,675,82.25,82.5,150
NIFTY,11-Nov-2025,25800,26022.5,1984,-8,12.39,432.75,75,432.4,433.95,150,4717,912,11.13,93.35,75,93.4,93.6,150
NIFTY,11-Nov-2025,25850,26022.5,420,-50,12.29,417,75,395.25,396.4,75,1414,685,10.95,105.9,375,106.05,106.35,225
NIFTY,11-Nov-2025,25900,26022.5,3484,-230,12.31,360,75,359.4,360.6,225,5300,1128,10.83,120.45,225,120.5,120.85,600
NIFTY,11-Nov-2025,25950,26022.5,1176,-221,12.06,327.35,150,325.9,326.85,150,1859,813,10.7,135.65,450,136.1,136.55,225
NIFTY,11-Nov-2025,26000,26022.5,12765,1717,11.9,296.2,375,295.2,296,375,11328,3952,10.6,154,150,153.55,154,300
NIFTY,11-Nov-2025,26050,26022.5,1526,217,11.67,264.3,75,263,263.65,375,1493,747,10.45,173,75,173.1,173.45,225
NIFTY,11-Nov-2025,26100,26022.5,7215,2617,11.7,237.1,675,236.55,237.1,75,5698,2542,10.3,193.35,300,193.7,194,150
NIFTY,11-Nov-2025,26150,26022.5,1875,680,11.59,208.8,450,207.75,208.4,375,1144,789,10.18,216.8,75,216.85,217.5,450
NIFTY,11-Nov-2025,26200,26022.5,7288,2138,11.46,183.9,975,183.8,184.4,300,3052,1600,10.04,242.1,375,241.65,242.25,300
NIFTY,11-Nov-2025,26250,26022.5,2559,347,11.25,163.5,150,161.35,161.8,150,494,194,9.92,270.15,75,270.5,271.15,75
NIFTY,11-Nov-2025,26300,26022.5,4772,922,11.28,142.6,450,142.25,142.7,900,543,101,9.81,299,225,298.75,299.65,75
NIFTY,11-Nov-2025,26350,26022.5,1340,458,11.15,124.5,525,124,124.35,375,208,19,9.65,316.4,75,330.65,331.6,150
NIFTY,11-Nov-2025,26400,26022.5,5368,302,11.21,107.25,375,107.1,107.4,150,1061,245,9.57,365,375,364.4,365.75,300
NIFTY,11-Nov-2025,26450,26022.5,1351,183,11.14,92.1,300,91.45,91.8,750,90,50,9.37,383.25,75,399.95,401.2,150
NIFTY,11-Nov-2025,26500,26022.5,11037,804,11.18,79.4,1050,79.2,79.5,75,1558,399,9.2,436.35,225,436.3,437.6,75
NIFTY,11-Nov-2025,26550,26022.5,1380,83,11.12,69,4500,68,68.15,150,26,23,9.44,474.9,75,475.05,476.55,75
NIFTY,11-Nov-2025,26600,26022.5,3056,249,11.09,57.5,525,57.45,57.7,525,171,121,7.84,506,75,513.5,516,225
NIFTY,11-Nov-2025,26650,26022.5,1277,77,11.06,49.45,225,49.05,49.25,450,6,0,0,0,225,540.8,571.05,150
NIFTY,11-Nov-2025,26700,26022.5,3703,968,11.09,40.9,300,40.95,41.15,450,207,199,8.28,590.05,75,596.05,599.5,75
NIFTY,11-Nov-2025,26750,26022.5,1185,368,11.05,34.85,300,34.85,35.05,150,6,0,0,0,150,625.95,649.4,75
NIFTY,11-Nov-2025,26800,26022.5,3185,449,11.1,29.3,375,28.9,29.05,150,24,18,0,669,75,684.05,687.95,75
NIFTY,11-Nov-2025,26850,26022.5,631,203,11.17,24.85,225,24.7,24.85,225,5,0,0,707.1,150,728,735.5,75
NIFTY,11-Nov-2025,26900,26022.5,2331,633,11.2,20.55,825,20.35,20.5,825,17,13,0,759,225,776,780,225
NIFTY,11-Nov-2025,26950,26022.5,1417,-118,11.3,17.95,225,17.5,17.65,375,5,0,0,0,150,808.85,832.15,300
NIFTY,11-Nov-2025,27000,26022.5,8665,621,11.38,14.65,825,14.65,14.7,225,90,11,0,846,225,869,872.95,75
NIFTY,11-Nov-2025,27050,26022.5,427,164,11.48,13.9,300,12.6,12.8,150,6,0,0,0,150,905.5,925.35,75
NIFTY,11-Nov-2025,27100,26022.5,1452,514,11.52,10.55,750,10.5,10.6,150,14,8,0,948,75,965.05,969,225
NIFTY,11-Nov-2025,27150,26022.5,357,72,11.69,9.45,225,9.3,9.5,375,5,0,0,0,150,1003.05,1023.5,225
NIFTY,11-Nov-2025,27200,26022.5,984,393,11.8,8.25,450,7.9,8.05,75,8,2,0,1036,225,1060,1065,225
NIFTY,11-Nov-2025,27250,26022.5,260,19,12.18,7.35,150,6.95,7.35,150,7,0,0,1087.55,75,1105.5,1118.4,150
NIFTY,11-Nov-2025,27300,26022.5,2001,1101,12.2,6.6,600,6.35,6.4,375,7,2,0,1133,225,1158,1163,225
NIFTY,11-Nov-2025,27350,26022.5,235,104,12.44,5.8,300,5.7,5.85,375,15,0,0,0,150,1198.55,1220.35,75
NIFTY,11-Nov-2025,27400,26022.5,856,216,12.57,5.3,225,5,5.45,2100,8,0,0,1223.25,150,1252.4,1265.9,225
NIFTY,11-Nov-2025,27450,26022.5,95,16,12.84,4.6,225,4.45,4.7,375,4,0,0,0,150,1296.85,1318.55,225
NIFTY,11-Nov-2025,27500,26022.5,2818,376,12.87,3.95,825,3.9,4,1275,3,0,0,1335,75,1350.4,1366.55,75
NIFTY,11-Nov-2025,27550,26022.5,10,0,0,0,1800,3.05,4.65,75,2,0,0,0,750,1391.65,1417.5,150
NIFTY,11-Nov-2025,27600,26022.5,801,100,13.47,3.65,225,3.55,3.65,375,2,0,0,1421.6,750,1434.25,1467.45,150
NIFTY,11-Nov-2025,27650,26022.5,216,57,13.66,3.05,75,3.05,3.3,825,4,0,0,0,900,1492.8,1517.65,150
NIFTY,11-Nov-2025,27700,26022.5,400,197,13.67,3.2,750,2.75,3.2,1650,2,0,19.46,1590.8,150,1544.1,1574.2,75
NIFTY,18-Nov-2025,23400,26022.5,0,0,0,0,75,2740.55,2817.5,75,0,0,0,0,75,3.55,7.9,75
NIFTY,18-Nov-2025,23450,26022.5,0,0,0,0,75,2691.75,2767.5,75,0,0,0,0,75,3.55,9,600
NIFTY,18-Nov-2025,23500,26022.5,0,0,0,0,75,2643.05,2717.75,75,144,7,20.97,5.95,525,5.35,6,300
NIFTY,18-Nov-2025,23550,26022.5,0,0,0,0,75,2594.1,2667.55,75,0,0,0,0,75,4.35,9,600
NIFTY,18-Nov-2025,23600,26022.5,0,0,0,0,75,2545.3,2617.6,75,6,0,0,0,75,4.55,7.45,150
NIFTY,18-Nov-2025,23650,26022.5,0,0,0,0,75,2496.5,2567.6,75,0,0,0,0,75,4.05,12.95,75
NIFTY,18-Nov-2025,23700,26022.5,0,0,0,0,75,2447.65,2517.65,75,0,0,0,0,75,4.05,12.95,75
NIFTY,18-Nov-2025,23750,26022.5,0,0,0,0,75,2398.85,2467.65,75,0,0,0,0,75,4.05,12.95,75
NIFTY,18-Nov-2025,23800,26022.5,0,0,0,0,75,2350,2417.7,75,0,0,0,0,75,4.7,11.95,75
NIFTY,18-Nov-2025,23850,26022.5,0,0,0,0,75,2301.15,2367.7,75,0,0,0,0,75,5.05,11.95,75
NIFTY,18-Nov-2025,23900,26022.5,0,0,0,0,75,2252.3,2317.7,75,0,0,0,0,75,5.05,11.95,75
NIFTY,18-Nov-2025,23950,26022.5,0,0,0,0,75,2203.5,2267.75,75,0,0,0,0,75,5.05,11.95,75
NIFTY,18-Nov-2025,24000,26022.5,0,0,0,0,75,2154.65,2217.8,75,230,8,18.31,8.45,75,8.5,9.45,150
NIFTY,18-Nov-2025,24050,26022.5,0,0,0,0,75,2105.85,2167.8,75,1,0,18.42,10,75,7.55,13.45,75
NIFTY,18-Nov-2025,24100,26022.5,0,0,0,0,75,2057.05,2117.85,75,18,0,17.98,9.8,75,7.6,10.05,150
NIFTY,18-Nov-2025,24150,26022.5,0,0,0,0,75,2008.25,2067.9,75,19,0,0,0,75,7.45,15.95,75
NIFTY,18-Nov-2025,24200,26022.5,0,0,0,0,75,1959.5,2018,75,37,0,0,0,75,7.35,13.85,75
NIFTY,18-Nov-2025,24250,26022.5,0,0,0,0,75,1910.8,1968.1,75,0,0,0,0,75,6.55,17.95,75
NIFTY,18-Nov-2025,24300,26022.5,0,0,0,0,75,1862.1,1918.25,75,273,0,16.92,11.6,75,7.8,11.55,75
NIFTY,18-Nov-2025,24350,26022.5,0,0,0,0,75,1813.5,1868.45,75,1,0,0,0,75,7.25,17.55,75
NIFTY,18-Nov-2025,24400,26022.5,0,0,0,0,75,1764.95,1818.7,75,32,0,0,0,75,8.6,12.8,150
NIFTY,18-Nov-2025,24450,26022.5,0,0,0,0,75,1716.45,1769,75,4,0,0,0,75,8.65,15,900
NIFTY,18-Nov-2025,24500,26022.5,0,0,0,0,75,1668.05,1719.25,75,398,66,15.61,13.25,225,12.75,13.25,150
NIFTY,18-Nov-2025,24550,26022.5,0,0,0,0,75,1619.7,1670.05,75,27,17,15.72,15.25,75,12,15.35,150
NIFTY,18-Nov-2025,24600,26022.5,0,0,0,0,75,1571.45,1620.8,75,57,0,15.02,13.75,300,14.05,15.4,600
NIFTY,18-Nov-2025,24650,26022.5,0,0,0,0,75,1523.35,1572.05,75,19,2,15.04,16,150,15.4,16.7,150
NIFTY,18-Nov-2025,24700,26022.5,3,0,0,0,75,1475.05,1534.85,75,151,5,14.77,16.05,675,16.1,17.4,75
NIFTY,18-Nov-2025,24750,26022.5,0,0,0,0,75,1427.5,1472.45,75,192,12,14.84,19.75,225,18.55,19.7,225
NIFTY,18-Nov-2025,24800,26022.5,0,0,0,0,75,1379.7,1412.25,75,160,39,14.31,19.55,75,19.05,19.9,75
NIFTY,18-Nov-2025,24850,26022.5,0,0,0,0,75,1332.1,1364.1,75,39,5,14.51,23.5,225,20.8,21.4,150
NIFTY,18-Nov-2025,24900,26022.5,0,0,0,0,75,1284.75,1327.15,75,223,2,14.01,23.05,225,22.4,23.3,75
NIFTY,18-Nov-2025,24950,26022.5,0,0,0,0,75,1237.5,1266.4,75,41,-5,13.69,23.95,225,24.3,24.95,150
NIFTY,18-Nov-2025,25000,26022.5,6,0,0,0,75,1183.35,1227.5,525,1259,58,13.57,27.1,375,26.5,26.95,150
NIFTY,18-Nov-2025,25050,26022.5,0,0,0,0,75,1143.9,1169.65,75,33,0,0,0,225,28.9,29.65,450
NIFTY,18-Nov-2025,25100,26022.5,9,0,0,0,600,1084.4,1124.3,900,164,28,13.14,31,225,31.5,31.95,75
NIFTY,18-Nov-2025,25150,26022.5,0,0,0,0,75,1032.35,1074.75,75,61,22,13.14,35.6,75,34.8,35.65,75
NIFTY,18-Nov-2025,25200,26022.5,103,0,0,0,450,922.65,1030.65,825,398,20,12.89,38.3,75,37.75,38.5,75
NIFTY,18-Nov-2025,25250,26022.5,4,0,0,0,75,953.15,982,75,153,2,12.73,41.9,75,42.3,43.1,75
NIFTY,18-Nov-2025,25300,26022.5,1,0,0,0,75,912.7,938.25,525,528,142,12.57,45.85,225,46.05,46.75,75
NIFTY,18-Nov-2025,25350,26022.5,0,0,0,0,75,863.6,890.65,75,89,19,12.44,50.9,75,51.5,52.45,75
NIFTY,18-Nov-2025,25400,26022.5,26,-3,14.27,850,75,826.25,836.8,75,600,102,12.4,55.65,150,56.75,57.45,75
NIFTY,18-Nov-2025,25450,26022.5,1,0,0,0,75,782.2,808.65,450,182,6,12.22,63.45,75,63.1,64.05,75
NIFTY,18-Nov-2025,25500,26022.5,127,-10,12.84,746,75,741.4,750.1,75,2461,265,12.08,67.3,225,70.15,71.05,75
NIFTY,18-Nov-2025,25550,26022.5,10,-15,13.46,726.35,150,700.5,709,75,118,3,11.98,76.2,75,78.05,79.2,150
NIFTY,18-Nov-2025,25600,26022.5,119,-10,12.95,678.95,75,662.65,664.95,75,731,77,11.9,86.5,75,86.6,87.75,75
NIFTY,18-Nov-2025,25650,26022.5,17,-7,12.71,622.15,75,621.05,625.55,75,203,91,11.77,95.1,75,96.3,97.7,75
NIFTY,18-Nov-2025,25700,26022.5,100,-4,12.61,585,75,583,587.3,75,678,208,11.71,108.9,75,107.7,108.65,75
NIFTY,18-Nov-2025,25750,26022.5,53,-8,12.39,547.2,150,544.45,546.85,75,199,106,11.48,114.7,75,119.6,121.15,150
NIFTY,18-Nov-2025,25800,26022.5,117,-20,12.33,524.45,150,509.45,511.25,75,593,40,11.59,126.35,150,132.1,133.4,75
NIFTY,18-Nov-2025,25850,26022.5,50,-21,12.02,473.65,150,472.45,474.75,75,293,79,11.24,141.2,75,145.5,147.05,75
NIFTY,18-Nov-2025,25900,26022.5,332,-66,11.88,439,150,438.45,440.25,150,712,138,11.45,159.95,75,160.9,161.9,75
NIFTY,18-Nov-2025,25950,26022.5,133,5,11.82,423.75,225,403.95,406.4,75,138,7,11.24,174.7,75,177,178.95,150
NIFTY,18-Nov-2025,26000,26022.5,878,27,11.69,372.2,150,371.15,372.95,75,861,407,11.23,196.15,150,195.45,196.35,75
NIFTY,18-Nov-2025,26050,26022.5,148,8,11.6,344,375,340.6,342.75,375,170,56,11.11,210.55,75,213.65,215,225
NIFTY,18-Nov-2025,26100,26022.5,337,37,11.48,313.35,75,310.55,311.95,75,278,126,10.89,234.2,75,233.9,234.95,75
NIFTY,18-Nov-2025,26150,26022.5,148,30,11.51,299.8,225,282.85,285.15,75,167,90,10.93,245.6,75,255.15,256.95,75
NIFTY,18-Nov-2025,26200,26022.5,521,74,11.49,259.95,225,257.3,258.5,75,154,71,10.87,277.7,75,278.5,280,75
NIFTY,18-Nov-2025,26250,26022.5,113,56,11.58,239.45,75,231.75,233.9,75,89,58,10.64,295.3,75,303.55,304.9,225
NIFTY,18-Nov-2025,26300,26022.5,268,22,11.26,223.2,75,209.15,210.55,75,101,71,10.6,318.45,75,329.75,332.05,150
NIFTY,18-Nov-2025,26350,26022.5,71,11,11.04,200.75,150,187.65,189.6,75,36,35,10.16,358.8,300,358.75,361.1,150
NIFTY,18-Nov-2025,26400,26022.5,343,49,11.05,168.85,300,167.65,168.25,75,30,28,10.05,373.9,75,388.05,390.3,150
NIFTY,18-Nov-2025,26450,26022.5,109,68,10.99,151,300,150.05,151.2,75,27,23,10.5,418,75,420.2,422.5,150
NIFTY,18-Nov-2025,26500,26022.5,1290,122,10.91,135,75,133.55,134.15,75,206,109,10.26,452.6,75,452,454.2,75
NIFTY,18-Nov-2025,26550,26022.5,174,63,11.07,121.05,75,118.1,119.35,75,0,0,0,0,300,475.45,498.1,300
NIFTY,18-Nov-2025,26600,26022.5,1249,180,10.86,104.85,225,103.7,104.6,75,30,18,9.57,504.65,75,521.15,524.9,75
NIFTY,18-Nov-2025,26650,26022.5,65,41,10.92,96.45,150,91.2,92.7,75,0,0,0,0,75,551.45,572.5,75
NIFTY,18-Nov-2025,26700,26022.5,314,197,10.87,80.6,150,79.85,81,75,0,0,0,0,75,585.3,612.45,75
NIFTY,18-Nov-2025,26750,26022.5,158,53,10.78,72,75,69.65,71.15,75,0,0,0,0,75,617.55,653.1,75
NIFTY,18-Nov-2025,26800,26022.5,142,18,10.85,64.6,225,61.05,62.25,75,0,0,0,0,75,667.9,690.5,75
NIFTY,18-Nov-2025,26850,26022.5,176,40,10.87,56.1,75,53.3,54.85,75,0,0,0,0,75,698.95,738.5,75
NIFTY,18-Nov-2025,26900,26022.5,105,71,10.83,48.9,150,45.95,47.15,75,0,0,0,0,75,740.9,776.15,75
NIFTY,18-Nov-2025,26950,26022.5,140,11,10.89,42.55,75,40,40.85,75,0,0,0,0,75,784.1,828.25,75
NIFTY,18-Nov-2025,27000,26022.5,1841,401,10.8,35.9,225,34.85,35.2,75,0,0,0,0,75,833.8,874.5,75
NIFTY,18-Nov-2025,27050,26022.5,124,-8,10.91,31.75,75,30.3,30.9,75,0,0,0,0,75,878.45,913.35,75
NIFTY,18-Nov-2025,27100,26022.5,83,-57,10.84,26.6,225,26.25,27,75,0,0,0,0,75,923.75,960.2,75
NIFTY,18-Nov-2025,27150,26022.5,158,-12,11.07,24.75,225,22.6,23.55,225,0,0,0,0,75,972.05,1008,75
NIFTY,18-Nov-2025,27200,26022.5,35,28,11.06,21.5,225,19.55,20.4,225,0,0,0,0,75,1018.05,1056.35,75
NIFTY,18-Nov-2025,27250,26022.5,8,7,11,16.95,225,17,17.8,225,0,0,0,0,75,1064.6,1105.25,75
NIFTY,18-Nov-2025,27300,26022.5,52,48,11.25,16.45,225,14.85,15.7,225,0,0,0,0,75,1100.45,1138.85,75
NIFTY,18-Nov-2025,27350,26022.5,21,4,11.21,13.7,150,13.2,13.95,225,0,0,0,0,75,1158.35,1187.4,75
NIFTY,18-Nov-2025,27400,26022.5,48,2,11.43,12.8,225,11.85,12.65,75,0,0,0,0,75,1195.25,1236.4,75
NIFTY,18-Nov-2025,27450,26022.5,4,-3,11.47,11.05,225,10.3,11.35,225,0,0,0,0,75,1242.85,1285.3,75
NIFTY,18-Nov-2025,27500,26022.5,979,376,11.61,10.2,75,9.75,10.2,225,0,0,0,0,75,1302.05,1334.55,75
NIFTY,18-Nov-2025,27550,26022.5,2,0,0,0,75,7.25,10.55,75,0,0,0,0,75,1350.5,1383.85,75
NIFTY,18-Nov-2025,27600,26022.5,318,60,11.65,7.25,225,7.25,8.4,75,0,0,0,0,75,1371.45,1433.3,75
NIFTY,18-Nov-2025,27650,26022.5,41,6,12.05,7.5,225,6.55,7.95,450,0,0,0,0,75,1419.4,1482.95,75
NIFTY,18-Nov-2025,27700,26022.5,11,10,11.95,6,600,4.75,7.25,150,0,0,0,0,75,1466.95,1532.55,75
NIFTY,24-Dec-2029,19000,26022.5,NA,NA,NA,NA,NA,NA,NA,NA,0,0,0,0,150,98.35,0,0
NIFTY,24-Dec-2029,20000,26022.5,NA,NA,NA,NA,NA,NA,NA,NA,0,0,0,0,75,154.25,0,0
NIFTY,24-Dec-2029,21000,26022.5,NA,NA,NA,NA,NA,NA,NA,NA,0,0,0,0,75,231.6,0,0
NIFTY,24-Dec-2029,23000,26022.5,NA,NA,NA,NA,NA,NA,NA,NA,34,0,0,0,300,416.05,750,75
NIFTY,24-Dec-2029,30000,26022.5,106,0,0,0,150,3500,0,0,NA,NA,NA,NA,NA,NA,NA,NA
NIFTY,24-Dec-2029,31000,26022.5,NA,NA,NA,NA,NA,NA,NA,NA,0,0,0,0,75,0.1,0,0
NIFTY,25-Jun-2030,19000,26022.5,NA,NA,NA,NA,NA,NA,NA,NA,0,0,0,0,150,104.55,0,0
NIFTY,25-Jun-2030,20000,26022.5,NA,NA,NA,NA,NA,NA,NA,NA,0,0,0,0,75,160.1,0,0
NIFTY,25-Jun-2030,21000,26022.5,NA,NA,NA,NA,NA,NA,NA,NA,0,0,0,0,75,235.5,0,0
NIFTY,25-Jun-2030,25000,26022.5,NA,NA,NA,NA,NA,NA,NA,NA,0,0,0,0,75,0.1,0,0
NIFTY,25-Jun-2030,31000,26022.5,NA,NA,NA,NA,NA,NA,NA,NA,0,0,0,0,75,0.1,0,0
NIFTY,25-Nov-2025,22700,26022.5,81,0,0,0,75,3452.4,3524.95,300,4680,-14,23.78,6.75,75,6.75,7,75
NIFTY,25-Nov-2025,22750,26022.5,0,0,0,0,75,3404.7,3479.9,75,161,-4,23.18,6.7,75,6.4,6.8,75
NIFTY,25-Nov-2025,22800,26022.5,292,-1,20.5,3404.7,75,3375.2,3417.2,75,441,-16,23.07,6.45,225,6.45,7.3,225
NIFTY,25-Nov-2025,22850,26022.5,0,0,0,0,75,3303.1,3409.6,750,66,-1,23.23,7.9,75,6.65,7.5,75
NIFTY,25-Nov-2025,22900,26022.5,0,0,0,0,75,3254.25,3339.85,75,210,-20,22.51,6.95,75,6.45,7.3,900
NIFTY,25-Nov-2025,22950,26022.5,0,0,0,0,75,3205.45,3309.15,750,26,0,0,0,75,6.25,7.9,75
NIFTY,25-Nov-2025,23000,26022.5,8102,202,19.33,3204.9,75,3185.35,3196.2,75,14956,869,21.92,7,1575,6.95,7,975
NIFTY,25-Nov-2025,23050,26022.5,1,0,0,0,75,3106,3206.65,750,19,0,0,0,75,6.4,9,600
NIFTY,25-Nov-2025,23100,26022.5,34,0,0,0,75,3055,3115.8,75,123,8,21.47,7.95,75,7.1,7.9,75
NIFTY,25-Nov-2025,23150,26022.5,0,0,0,0,75,3010.25,3108.35,750,7,0,0,0,900,6.65,11.75,75
NIFTY,25-Nov-2025,23200,26022.5,9,0,0,0,75,2964.6,3015.85,75,498,2,21.08,8.15,300,7.55,8.4,75
NIFTY,25-Nov-2025,23250,26022.5,2,0,0,0,75,2912.9,3008,750,15,0,0,0,900,7.1,11.95,75
NIFTY,25-Nov-2025,23300,26022.5,90,0,0,2796.05,75,2862,2913.75,75,411,55,20.26,7.65,225,7.65,8.95,225
NIFTY,25-Nov-2025,23350,26022.5,1,0,0,0,75,2815.35,2917.25,750,27,0,0,0,1800,6.55,10.7,300
NIFTY,25-Nov-2025,23400,26022.5,0,0,0,0,75,2770.5,2816.4,75,542,90,20.08,8.95,150,8.15,9.3,75
NIFTY,25-Nov-2025,23450,26022.5,30,0,0,0,75,2719.9,2814.8,750,43,0,0,0,900,7.3,10,75
NIFTY,25-Nov-2025,23500,26022.5,3291,19,20.53,2720,75,2691,2696.65,75,9773,338,19.38,8.75,600,8.75,8.85,825
NIFTY,25-Nov-2025,23550,26022.5,1,0,0,0,75,2623.55,2716.25,750,27,0,0,0,75,8.15,11.8,600
NIFTY,25-Nov-2025,23600,26022.5,25,10,0,2552.5,75,2580.45,2616.95,75,516,30,19.51,11.45,75,9.3,10.9,225
NIFTY,25-Nov-2025,23650,26022.5,1,0,0,0,75,2522.55,2616,750,7,0,0,0,750,8.3,12.9,600
NIFTY,25-Nov-2025,23700,26022.5,34,0,0,0,75,2474.65,2537.4,75,1634,83,18.75,11.1,150,10.6,11.3,375
NIFTY,25-Nov-2025,23750,26022.5,2,0,0,0,75,2435.65,2515.3,750,18,0,0,0,750,9.8,13.9,600
NIFTY,25-Nov-2025,23800,26022.5,34,6,0,2364.55,75,2390.4,2418.2,75,2797,12,18.37,12.2,150,11.35,12.15,450
NIFTY,25-Nov-2025,23850,26022.5,8,0,0,0,75,2334.5,2416.8,750,402,2,17.98,12,150,10.45,13.9,600
NIFTY,25-Nov-2025,23900,26022.5,68,9,0,2235.35,75,2291.45,2318.85,75,2320,33,17.68,12.15,150,11.9,12.75,225
NIFTY,25-Nov-2025,23950,26022.5,3,0,0,0,75,2241.25,2316.75,750,55,0,0,0,825,11.5,13.85,1500
NIFTY,25-Nov-2025,24000,26022.5,7042,21,15.44,2229.25,150,2198.35,2205.65,75,24620,-177,17.09,12.25,75,12.3,12.4,600
NIFTY,25-Nov-2025,24050,26022.5,5,0,0,0,750,2135.4,2193.7,75,85,0,17.06,13.9,75,12.9,14.8,75
NIFTY,25-Nov-2025,24100,26022.5,31,2,0,2076.85,75,2091.4,2110.15,75,1358,113,16.72,13.9,150,13.65,13.85,150
NIFTY,25-Nov-2025,24150,26022.5,5,0,0,0,75,2041.65,2087.15,75,166,2,16.76,15.85,75,13.25,15.5,75
NIFTY,25-Nov-2025,24200,26022.5,189,2,0,1955.85,75,1992.6,2013.95,75,4323,282,16.19,14.55,150,14.6,14.65,225
NIFTY,25-Nov-2025,24250,26022.5,4,0,0,0,750,1930.85,1999.05,75,562,12,15.9,14.95,150,14.1,16.15,225
NIFTY,25-Nov-2025,24300,26022.5,75,-5,16.71,1935,75,1902.95,1915.35,75,4208,270,15.75,16.15,675,16.1,16.15,1125
NIFTY,25-Nov-2025,24350,26022.5,4,0,0,0,75,1845.05,1907.95,75,220,-75,15.7,17.8,75,15.9,17.4,750
NIFTY,25-Nov-2025,24400,26022.5,136,0,0,1770,75,1802.05,1820,75,3787,147,15.42,18.3,75,18.05,18.2,600
NIFTY,25-Nov-2025,24450,26022.5,13,0,0,0,75,1746.95,1806.5,750,237,6,15.35,20.1,600,18.55,20.4,750
NIFTY,25-Nov-2025,24500,26022.5,2997,31,14.2,1740,150,1710.8,1718.1,525,19449,932,14.91,19.6,750,19.5,19.6,825
NIFTY,25-Nov-2025,24550,26022.5,22,0,0,0,75,1658.25,1680.4,75,423,-16,14.82,21.45,900,20.15,22.6,150
NIFTY,25-Nov-2025,24600,26022.5,684,0,17.15,1661.05,75,1609.7,1621.6,75,5412,-259,14.55,22.4,75,22.25,22.4,375
NIFTY,25-Nov-2025,24650,26022.5,46,0,0,0,75,1561.5,1583.6,75,461,5,14.49,24.6,450,23.6,25.1,75
NIFTY,25-Nov-2025,24700,26022.5,686,-1,15,1548.4,75,1515.35,1525.65,75,6189,589,14.19,25.35,75,25.3,25.5,375
NIFTY,25-Nov-2025,24750,26022.5,68,0,0,0,150,1464.4,1488.6,150,780,82,14.04,27.1,975,27,27.75,150
NIFTY,25-Nov-2025,24800,26022.5,1413,-49,13.79,1421.95,75,1422.15,1432.55,75,9709,125,13.83,28.8,1425,28.8,29,16500
NIFTY,25-Nov-2025,24850,26022.5,43,0,0,0,75,1370.35,1391.75,75,795,-35,13.75,31.7,150,30.65,31.85,75
NIFTY,25-Nov-2025,24900,26022.5,837,-27,14.68,1363.6,75,1317.35,1334.45,75,5441,-448,13.52,33.6,525,33.6,33.8,300
NIFTY,25-Nov-2025,24950,26022.5,124,0,13.45,1304.7,75,1277.15,1295.85,75,774,110,13.47,36.8,150,36.9,37.25,75
NIFTY,25-Nov-2025,25000,26022.5,13038,168,12.57,1237.75,75,1235.85,1240.45,75,57070,-1552,13.33,40.4,900,40.3,40.4,75
NIFTY,25-Nov-2025,25050,26022.5,132,-2,13.26,1212.85,75,1184.65,1201.8,75,610,-14,13.23,43.2,75,42.95,43.35,75
NIFTY,25-Nov-2025,25100,26022.5,1208,15,12.76,1151,150,1142.55,1149.55,75,6996,418,12.98,46.5,300,46.4,46.6,525
NIFTY,25-Nov-2025,25150,26022.5,147,0,14.04,1136.35,75,1093.65,1115.25,75,1400,50,12.93,50.45,75,50.3,50.55,300
NIFTY,25-Nov-2025,25200,26022.5,5137,-7,12.79,1069,150,1051.45,1058.9,75,17733,1434,12.74,55,300,54.9,55.15,150
NIFTY,25-Nov-2025,25250,26022.5,178,-3,11.87,1018.65,150,1008.55,1017.05,75,1158,-21,12.65,60,75,60.15,60.45,75
NIFTY,25-Nov-2025,25300,26022.5,3534,-57,12.23,975.95,75,966.45,967.85,75,14641,-1296,12.52,65.5,150,65.65,65.85,150
NIFTY,25-Nov-2025,25350,26022.5,190,8,12.43,932,75,925.35,931.5,75,2258,76,12.41,71.5,150,71.65,72,825
NIFTY,25-Nov-2025,25400,26022.5,2163,-29,12.24,890,150,880.5,883,150,16620,-976,12.33,79,525,79,79.2,225
NIFTY,25-Nov-2025,25450,26022.5,175,0,12.82,867.7,75,839.85,849.2,75,2060,293,12.25,85.95,75,86.05,86.5,75
NIFTY,25-Nov-2025,25500,26022.5,19120,-440,11.89,801,150,800,800.95,150,51760,6555,12.16,94.65,450,94.55,94.85,225
NIFTY,25-Nov-2025,25550,26022.5,212,-6,12.36,775.2,150,759,762.2,75,1105,86,12.11,103.55,75,103.05,103.55,300
NIFTY,25-Nov-2025,25600,26022.5,3811,15,11.58,723.1,150,716,718.45,150,13425,2233,11.97,113.3,75,112.85,113.3,375
NIFTY,25-Nov-2025,25650,26022.5,476,53,12.35,693.95,75,676.5,683.6,75,1744,733,11.94,124.4,75,124.25,124.6,225
NIFTY,25-Nov-2025,25700,26022.5,7791,26,11.55,643.2,75,640.55,642.5,150,15302,3207,11.82,134.45,75,134.6,135,300
NIFTY,25-Nov-2025,25750,26022.5,566,-21,11.35,618.1,75,603.55,605.65,75,1133,49,11.77,147.7,300,147.05,147.95,75
NIFTY,25-Nov-2025,25800,26022.5,10767,-950,11.55,569.95,75,568,569,150,22468,362,11.67,159.9,300,160.75,161,75
NIFTY,25-Nov-2025,25850,26022.5,1030,-108,11.35,532.8,75,531.15,533.8,75,1688,-70,11.65,174.95,150,174.8,175.45,75
NIFTY,25-Nov-2025,25900,26022.5,7180,-1283,11.31,498.55,75,497.3,498.95,75,10740,135,11.56,191,225,190.55,191,225
NIFTY,25-Nov-2025,25950,26022.5,1236,5,11.33,466.75,150,465.6,467.35,225,3770,278,11.53,206.35,525,206.95,207.95,75
NIFTY,25-Nov-2025,26000,26022.5,48093,-965,11.35,436,225,435,436,750,58923,12166,11.49,225.8,225,225.1,225.85,300
NIFTY,25-Nov-2025,26050,26022.5,1068,227,11.09,408.05,225,401.05,402.65,75,1114,382,11.36,244,375,243.55,244,75
NIFTY,25-Nov-2025,26100,26022.5,13889,-409,11.13,373.8,75,372.3,373.45,300,9633,-535,11.29,262.95,525,263.1,263.9,75
NIFTY,25-Nov-2025,26150,26022.5,1369,190,10.99,345.25,150,342.95,344.5,75,828,230,11.23,285,900,284.85,286.25,225
NIFTY,25-Nov-2025,26200,26022.5,27110,2086,11.01,318.05,150,317.75,318.7,300,21440,1966,11.18,307.2,375,307.25,308.25,75
NIFTY,25-Nov-2025,26250,26022.5,1147,272,10.9,297.55,75,290.8,292.2,225,1042,223,11.06,331.2,525,330.8,332.35,75
NIFTY,25-Nov-2025,26300,26022.5,13966,748,10.91,265.25,75,265.75,266.75,300,4345,721,11.02,356,150,356.85,357.2,75
NIFTY,25-Nov-2025,26350,26022.5,1737,756,10.89,249.95,75,242.3,243.75,525,580,200,11.07,380,150,382.25,384.4,75
NIFTY,25-Nov-2025,26400,26022.5,10338,1060,10.76,222,150,221.4,222.2,225,3143,17,11.04,411.5,525,410.85,412,150
NIFTY,25-Nov-2025,26450,26022.5,545,23,10.67,202.45,75,199.6,200.95,150,146,15,10.84,429.5,150,438.15,440.05,150
NIFTY,25-Nov-2025,26500,26022.5,31643,1197,10.7,182.6,450,182.15,182.65,75,10503,767,10.9,471.2,75,470.3,471.8,75
NIFTY,25-Nov-2025,26550,26022.5,639,90,10.64,163.5,75,162.85,164,675,54,2,10.71,490,75,500.7,502.5,150
NIFTY,25-Nov-2025,26600,26022.5,10323,407,10.57,147.15,75,146.25,146.7,525,611,43,10.65,534.55,75,533.95,535.65,75
NIFTY,25-Nov-2025,26650,26022.5,877,142,10.52,131.5,150,131.2,131.8,75,47,22,10.63,556.5,75,565.6,570.35,75
NIFTY,25-Nov-2025,26700,26022.5,19414,1832,10.44,117,375,116.65,117.1,75,556,43,10.58,589,75,603.55,605.5,150
NIFTY,25-Nov-2025,26750,26022.5,1018,250,10.43,107.1,75,104.6,105.25,675,43,23,10.52,627.25,75,638.85,641.15,75
NIFTY,25-Nov-2025,26800,26022.5,23456,1489,10.38,93,75,92.65,92.95,75,341,129,10.44,671.95,75,676.25,678.7,75
NIFTY,25-Nov-2025,26850,26022.5,1209,100,10.47,86.2,75,82.8,83.1,225,8,0,0,0,75,701.05,728.9,75
NIFTY,25-Nov-2025,26900,26022.5,6701,819,10.43,74,300,73.1,73.4,1050,174,101,10.1,737.5,150,757.5,760,150
NIFTY,25-Nov-2025,26950,26022.5,484,79,10.42,66,150,65.2,65.7,675,14,0,13.56,847.95,75,779.9,803.2,75
NIFTY,25-Nov-2025,27000,26022.5,44944,2837,10.45,57.55,975,57.6,57.8,750,13641,317,10.54,841.5,225,840.5,843,225
NIFTY,25-Nov-2025,27050,26022.5,469,208,10.41,52.25,75,50.4,50.9,225,3,0,12.53,906,75,864.25,896.5,75
NIFTY,25-Nov-2025,27100,26022.5,4320,508,10.42,44.8,300,44.5,44.65,600,163,15,10.33,905.9,75,926.55,929.5,150
NIFTY,25-Nov-2025,27150,26022.5,2306,478,10.47,40,75,39.65,39.9,900,3,0,0,0,750,951.6,984.25,300
NIFTY,25-Nov-2025,27200,26022.5,8526,1360,10.46,34.7,525,34.5,34.7,225,265,-6,10.53,1002.15,75,1012.15,1025.4,75
NIFTY,25-Nov-2025,27250,26022.5,428,86,10.44,31,225,30.9,31.75,150,10,0,8.91,1030.8,75,1058.3,1075.2,225
NIFTY,25-Nov-2025,27300,26022.5,3831,585,10.51,27.15,75,27,27.1,375,144,0,9.18,1080,75,1097.35,1112.5,150
NIFTY,25-Nov-2025,27350,26022.5,0,0,0,0,450,23.4,41.15,2100,18,10,11.15,1145.1,450,1147.15,1167.15,150
NIFTY,25-Nov-2025,27400,26022.5,5704,358,10.67,21.55,300,21.45,21.55,150,38,0,0,0,900,1192.8,1215.35,225
NIFTY,25-Nov-2025,27450,26022.5,0,0,0,0,450,18.75,34.45,2400,6,0,0,0,900,1237.35,1260.75,75
NIFTY,25-Nov-2025,27500,26022.5,18953,2677,10.93,18.1,675,18,18.1,225,8925,137,10.94,1280,75,1293.15,1299.65,75
NIFTY,25-Nov-2025,27550,26022.5,44,17,10.95,16.3,600,15.8,17,450,3,0,0,0,450,1331.85,1358.3,150
NIFTY,25-Nov-2025,27600,26022.5,4271,225,11.09,14.65,750,14.65,14.8,450,145,1,0,1350,225,1381.2,1404.2,225
NIFTY,25-Nov-2025,27650,26022.5,108,26,11.14,13.85,150,12.5,13.75,450,2,0,0,0,150,1433.8,1461.2,150
NIFTY,25-Nov-2025,27700,26022.5,2350,1643,11.22,11.8,1200,11.75,11.85,1050,109,5,12.16,1478,75,1483.05,1502,150
NIFTY,26-Dec-2028,18000,26022.5,NA,NA,NA,NA,NA,NA,NA,NA,1,0,0,0,225,51.95,0,0
NIFTY,26-Dec-2028,19000,26022.5,NA,NA,NA,NA,NA,NA,NA,NA,0,0,0,0,225,79.6,0,0
NIFTY,26-Dec-2028,20000,26022.5,NA,NA,NA,NA,NA,NA,NA,NA,14.666666666666666,0,0,0,225,133.45,0,0
NIFTY,26-Dec-2028,21000,26022.5,NA,NA,NA,NA,NA,NA,NA,NA,16.666666666666668,0,0,0,150,212,0,0
NIFTY,26-Dec-2028,22000,26022.5,NA,NA,NA,NA,NA,NA,NA,NA,5,0,0,0,75,319.85,0,0
NIFTY,26-Dec-2028,23000,26022.5,NA,NA,NA,NA,NA,NA,NA,NA,43,0,0,0,75,460.55,0,0
NIFTY,26-Dec-2028,24000,26022.5,0,0,0,0,75,5000,0,0,24,0,0,0,75,644.8,0,0
NIFTY,26-Dec-2028,25000,26022.5,NA,NA,NA,NA,NA,NA,NA,NA,59.333333333333336,0,0,0,75,780.05,1020,150
NIFTY,26-Dec-2028,26000,26022.5,NA,NA,NA,NA,NA,NA,NA,NA,12,0,21.99,1010.5,75,985.05,1040,75
NIFTY,26-Dec-2028,27000,26022.5,NA,NA,NA,NA,NA,NA,NA,NA,0,0,0,0,75,1140,0,0
NIFTY,26-Dec-2028,28000,26022.5,NA,NA,NA,NA,NA,NA,NA,NA,0,0,0,0,1800,1.8,0,0
NIFTY,26-Dec-2028,29000,26022.5,NA,NA,NA,NA,NA,NA,NA,NA,0,0,0,0,1800,1.8,0,0
NIFTY,26-Dec-2028,30000,26022.5,106,0,0,0,300,2500,0,0,NA,NA,NA,NA,NA,NA,NA,NA
NIFTY,26-Dec-2028,31000,26022.5,NA,NA,NA,NA,NA,NA,NA,NA,0,0,0,0,75,0.1,0,0
NIFTY,26-Jun-2029,19000,26022.5,NA,NA,NA,NA,NA,NA,NA,NA,0,0,0,0,150,90.05,0,0
NIFTY,26-Jun-2029,20000,26022.5,NA,NA,NA,NA,NA,NA,NA,NA,0,0,0,0,75,145.35,0,0
NIFTY,26-Jun-2029,21000,26022.5,NA,NA,NA,NA,NA,NA,NA,NA,0,0,0,0,75,223.75,0,0
NIFTY,26-Jun-2029,22000,26022.5,NA,NA,NA,NA,NA,NA,NA,NA,0,0,0,0,75,330.4,0,0
NIFTY,26-Jun-2029,29000,26022.5,NA,NA,NA,NA,NA,NA,NA,NA,0,0,0,0,1800,1.8,0,0
NIFTY,26-Jun-2029,30000,26022.5,NA,NA,NA,NA,NA,NA,NA,NA,0,0,0,0,1800,1.8,0,0
NIFTY,26-Jun-2029,31000,26022.5,NA,NA,NA,NA,NA,NA,NA,NA,0,0,0,0,75,0.1,0,0
NIFTY,27-Jan-2026,24200,26022.5,0,0,0,0,65,1710.35,2569.65,1495,0,0,0,0,65,48.8,93.2,1625
NIFTY,27-Jan-2026,24250,26022.5,0,0,0,0,0,0,2545.2,65,0,0,0,0,325,20.25,195,2015
NIFTY,27-Jan-2026,24300,26022.5,0,0,0,0,1495,1614.05,2490.3,1495,0,0,0,0,975,50.6,183.65,845
NIFTY,27-Jan-2026,24350,26022.5,0,0,0,0,1495,1574.1,2468.45,1495,0,0,0,0,1755,23.1,169.55,1755
NIFTY,27-Jan-2026,24400,26022.5,0,0,0,0,0,0,2384.25,1495,0,0,0,0,975,36.55,223.65,975
NIFTY,27-Jan-2026,24450,26022.5,0,0,0,0,1495,1496.25,2374.3,1495,0,0,0,0,1755,28.15,158.4,1495
NIFTY,27-Jan-2026,24500,26022.5,0,0,0,0,130,1470,2269.2,1495,0,0,14.01,92,65,88,92,130
NIFTY,27-Jan-2026,24550,26022.5,0,0,0,0,0,0,2312.65,1495,0,0,0,0,1755,34.05,270.95,1755
NIFTY,27-Jan-2026,24600,26022.5,0,0,0,0,0,0,2248.95,1495,0,0,0,0,975,62.45,195.95,1755
NIFTY,27-Jan-2026,24650,26022.5,0,0,0,0,0,0,2279.35,1495,0,0,0,0,1755,41.15,215.55,1495
NIFTY,27-Jan-2026,24700,26022.5,0,0,0,0,0,0,2303.15,1495,0,0,0,0,975,50.25,125.45,130
NIFTY,27-Jan-2026,24750,26022.5,0,0,0,0,0,0,2193.9,1495,0,0,0,0,585,48.6,266.75,1755
NIFTY,27-Jan-2026,24800,26022.5,0,0,0,0,0,0,2214.3,1495,0,0,0,0,975,106,339.4,65
NIFTY,27-Jan-2026,24850,26022.5,0,0,0,0,0,0,2132.05,1495,0,0,0,0,260,57,288.85,1755
NIFTY,27-Jan-2026,24900,26022.5,0,0,0,0,0,0,2318.5,1495,0,0,0,0,975,82.75,309.05,65
NIFTY,27-Jan-2026,24950,26022.5,0,0,0,0,0,0,1851.45,1495,0,0,0,0,325,66.1,0,0
NIFTY,27-Jan-2026,25000,26022.5,0,0,0,1611,65,1636.2,1688.6,585,209,0,13.29,142.5,130,140.2,144.2,65
NIFTY,27-Jan-2026,25050,26022.5,0,0,0,0,0,0,1948.45,1495,0,0,0,0,325,77.5,347.6,1755
NIFTY,27-Jan-2026,25100,26022.5,0,0,0,0,715,1212.8,1868.5,390,0,0,0,0,975,105.85,317.25,65
NIFTY,27-Jan-2026,25150,26022.5,0,0,0,0,0,0,1868.3,1495,0,0,0,0,0,0,361.55,1495
NIFTY,27-Jan-2026,25200,26022.5,0,0,0,0,390,1027.1,1595.3,1495,137,0,12.91,166,195,160.95,167,195
NIFTY,27-Jan-2026,25250,26022.5,0,0,0,0,0,0,1757.65,975,0,0,0,0,0,0,401.4,390
NIFTY,27-Jan-2026,25300,26022.5,0,0,0,0,1040,1056.85,1515.7,390,0,0,0,0,65,177.95,199.6,65
NIFTY,27-Jan-2026,25350,26022.5,0,0,0,0,0,0,1684.35,65,0,0,0,0,0,0,455.3,390
NIFTY,27-Jan-2026,25400,26022.5,0,0,0,0,325,1131.1,1685.1,325,0,0,0,0,975,144.9,225.9,650
NIFTY,27-Jan-2026,25450,26022.5,0,0,0,0,0,0,1398.8,975,0,0,0,0,65,132,583.85,975
NIFTY,27-Jan-2026,25500,26022.5,0,0,0,0,65,1221.6,1266.7,520,256,0,12.78,225.3,130,224.5,229.7,195
NIFTY,27-Jan-2026,25550,26022.5,0,0,0,0,0,0,1482.55,1495,0,0,0,0,975,174.9,314.1,520
NIFTY,27-Jan-2026,25600,26022.5,0,0,0,0,325,871.05,1186.95,65,0,0,0,0,65,241.1,266.85,130
NIFTY,27-Jan-2026,25650,26022.5,0,0,0,0,0,0,1638.4,1495,0,0,0,0,715,178.65,477.2,520
NIFTY,27-Jan-2026,25700,26022.5,0,0,0,0,325,849.55,1190.35,65,0,0,0,0,65,264.05,290.7,65
NIFTY,27-Jan-2026,25750,26022.5,0,0,0,0,0,0,1239.1,1495,0,0,0,0,390,218.9,300,65
NIFTY,27-Jan-2026,25800,26022.5,0,0,0,0,390,943.85,1047.8,650,44,0,12.46,291.9,65,293.45,304.85,130
NIFTY,27-Jan-2026,25850,26022.5,0,0,0,0,325,775.65,1108.75,325,0,0,0,0,325,211.85,326.6,65
NIFTY,27-Jan-2026,25900,26022.5,0,0,0,0,65,933.55,968.1,65,0,0,0,0,65,305.8,340.95,65
NIFTY,27-Jan-2026,25950,26022.5,0,0,0,0,325,787.2,1024.85,390,0,0,0,0,325,266.15,356.1,65
NIFTY,27-Jan-2026,26000,26022.5,99,0,9.53,895.1,65,885.1,889.15,65,70,0,12.2,350.75,65,344.2,353.9,65
NIFTY,27-Jan-2026,26050,26022.5,0,0,0,0,325,575.9,958,325,0,0,0,0,325,271.55,386.55,65
NIFTY,27-Jan-2026,26100,26022.5,1,0,9.82,836.3,65,818.75,827.05,65,0,0,0,0,390,302.05,403.4,65
NIFTY,27-Jan-2026,26150,26022.5,0,0,0,0,585,594.75,878.8,520,0,0,0,0,390,337.75,421.3,65
NIFTY,27-Jan-2026,26200,26022.5,0,0,0,0,65,682.9,767.85,65,2,0,12.09,410,195,346.6,419.95,130
NIFTY,27-Jan-2026,26250,26022.5,0,0,0,0,325,538.35,776.8,650,0,0,0,0,390,329.85,459.25,65
NIFTY,27-Jan-2026,26300,26022.5,0,0,9.97,719.45,130,688.9,707.95,65,2,0,12.1,450,780,368.9,460,65
NIFTY,27-Jan-2026,26350,26022.5,0,0,0,0,1495,513.85,730.9,780,0,0,0,0,0,0,499.1,65
NIFTY,27-Jan-2026,26400,26022.5,0,0,0,0,65,615.7,654.55,65,0,0,0,0,650,414.05,519.65,130
NIFTY,27-Jan-2026,26450,26022.5,0,0,0,0,845,496.35,1168.75,845,0,0,0,0,0,0,542.45,65
NIFTY,27-Jan-2026,26500,26022.5,47,0,9.59,599.15,65,585,590.15,65,65,0,12.03,529.9,65,529.9,534.95,65
NIFTY,27-Jan-2026,26550,26022.5,0,0,0,0,65,562.35,584.9,65,5,0,12.18,558.25,585,453.85,617.8,65
NIFTY,27-Jan-2026,26600,26022.5,0,0,0,0,65,536.1,555,65,0,0,0,0,325,458.05,604.9,65
NIFTY,27-Jan-2026,26650,26022.5,0,0,0,0,65,512.6,534,65,0,0,0,0,0,0,1266.6,975
NIFTY,27-Jan-2026,26700,26022.5,0,0,0,0,65,488.2,505.15,975,0,0,0,0,585,496.85,1216,585
NIFTY,27-Jan-2026,26750,26022.5,0,0,0,0,65,467,484.95,65,0,0,0,0,0,0,1265.7,1495
NIFTY,27-Jan-2026,26800,26022.5,0,0,0,0,65,442.25,458.45,975,0,0,0,0,585,532.2,1178.7,975
NIFTY,27-Jan-2026,26850,26022.5,0,0,0,0,65,420.45,439.8,65,0,0,0,0,0,0,1346.7,1495
NIFTY,27-Jan-2026,26900,26022.5,0,0,0,0,65,399.25,413.85,65,0,0,0,0,585,595.55,1345.45,975
NIFTY,27-Jan-2026,26950,26022.5,0,0,0,0,65,379.15,395.7,65,0,0,0,0,0,0,1404.5,65
NIFTY,27-Jan-2026,27000,26022.5,664,0,9.79,362.5,325,360.45,362.75,65,14,0,12.52,808.05,65,791.45,809.95,130
NIFTY,27-Jan-2026,27050,26022.5,0,0,0,0,65,340.15,357.7,65,0,0,0,0,0,0,1484.75,1495
NIFTY,27-Jan-2026,27100,26022.5,0,0,0,0,65,325.4,341.15,520,0,0,0,0,0,0,1501.6,1495
NIFTY,27-Jan-2026,27150,26022.5,0,0,0,0,65,305.3,322.1,65,0,0,0,0,0,0,1542.2,65
NIFTY,27-Jan-2026,27200,26022.5,0,0,0,0,65,292.75,306.9,65,0,0,0,0,0,0,1548.15,1495
NIFTY,27-Jan-2026,27250,26022.5,0,0,0,0,65,273.9,289.25,65,0,0,0,0,0,0,1616.35,1495
NIFTY,27-Jan-2026,27300,26022.5,0,0,12.16,378.6,650,198.65,281.85,65,0,0,0,0,0,0,1662.25,1495
NIFTY,27-Jan-2026,27350,26022.5,0,0,0,0,0,0,369.95,1495,0,0,0,0,0,0,1783.35,1495
NIFTY,27-Jan-2026,27400,26022.5,0,0,0,0,65,180.5,380,65,0,0,0,0,0,0,0,0
NIFTY,27-Jan-2026,27450,26022.5,0,0,0,0,0,0,340,65,0,0,0,0,0,0,1836.5,1495
NIFTY,27-Jan-2026,27500,26022.5,0,0,0,0,65,180,225.1,65,0,0,12.97,1150,0,0,1150,65
NIFTY,27-Jan-2026,27550,26022.5,0,0,0,0,0,0,216.05,650,0,0,0,0,0,0,0,0
NIFTY,27-Jan-2026,27600,26022.5,0,0,0,0,65,149.35,206.7,650,0,0,0,0,0,0,1898.45,1495
NIFTY,27-Jan-2026,27650,26022.5,0,0,0,0,0,0,198.95,1105,0,0,0,0,0,0,1951.25,1495
NIFTY,27-Jan-2026,27700,26022.5,0,0,0,0,65,135.25,191.45,650,0,0,0,0,0,0,1976.35,1495
NIFTY,27-Jun-2028,21000,26022.5,NA,NA,NA,NA,NA,NA,NA,NA,0,0,0,0,150,191.35,0,0
NIFTY,27-Jun-2028,22000,26022.5,NA,NA,NA,NA,NA,NA,NA,NA,4.333333333333333,0,0,0,150,300.8,0,0
NIFTY,27-Jun-2028,24000,26022.5,NA,NA,NA,NA,NA,NA,NA,NA,0,0,0,0,75,3,0,0
NIFTY,27-Jun-2028,27000,26022.5,NA,NA,NA,NA,NA,NA,NA,NA,0,0,0,0,1800,1.8,0,0
NIFTY,27-Jun-2028,28000,26022.5,NA,NA,NA,NA,NA,NA,NA,NA,0,0,0,0,1800,1.8,0,0
NIFTY,27-Jun-2028,29000,26022.5,NA,NA,NA,NA,NA,NA,NA,NA,0,0,0,0,1800,1.8,0,0
NIFTY,27-Jun-2028,30000,26022.5,NA,NA,NA,NA,NA,NA,NA,NA,0,0,0,0,1800,1.8,0,0
NIFTY,27-Jun-2028,31000,26022.5,0,0,0,0,75,0.1,0,0,NA,NA,NA,NA,NA,NA,NA,NA
NIFTY,28-Dec-2027,15000,26022.5,NA,NA,NA,NA,NA,NA,NA,NA,8.333333333333334,0,22.64,21.05,0,0,0,0
NIFTY,28-Dec-2027,17000,26022.5,NA,NA,NA,NA,NA,NA,NA,NA,189.33333333333334,0,22.23,57,75,50.05,59,75
NIFTY,28-Dec-2027,18000,26022.5,NA,NA,NA,NA,NA,NA,NA,NA,154,0,0,0,300,37.25,0,0
NIFTY,28-Dec-2027,19000,26022.5,NA,NA,NA,NA,NA,NA,NA,NA,9,0,0,0,225,55.4,0,0
NIFTY,28-Dec-2027,20000,26022.5,NA,NA,NA,NA,NA,NA,NA,NA,52.666666666666664,0,0,0,225,93.7,0,0
NIFTY,28-Dec-2027,21000,26022.5,NA,NA,NA,NA,NA,NA,NA,NA,13.666666666666666,0,0,0,150,164.8,0,0
NIFTY,28-Dec-2027,22000,26022.5,NA,NA,NA,NA,NA,NA,NA,NA,27.333333333333332,0,0,0,75,272.3,365,525
NIFTY,28-Dec-2027,23000,26022.5,NA,NA,NA,NA,NA,NA,NA,NA,38,0,0,0,75,440.05,510,75
NIFTY,28-Dec-2027,24000,26022.5,0,0,0,0,75,4000,0,0,55,0,0,0,75,570.05,668.1,75
NIFTY,28-Dec-2027,25000,26022.5,3,0,0,0,0,0,5500,75,29,0,0,0,75,740,0,0
NIFTY,28-Dec-2027,26000,26022.5,0,0,0,0,225,3401,0,0,12,0,20.38,950,75,920.05,0,0
NIFTY,28-Dec-2027,27000,26022.5,0,0,0,0,75,2820,0,0,5,0,0,0,75,1120.05,0,0
NIFTY,28-Dec-2027,28000,26022.5,0,0,0,0,75,735,0,0,0,0,0,0,75,30,0,0
NIFTY,28-Dec-2027,29000,26022.5,0,0,0,0,75,281,0,0,0,0,0,0,75,40,0,0
NIFTY,28-Dec-2027,30000,26022.5,0,0,0,0,75,24,0,0,0,0,0,0,75,219,0,0
NIFTY,28-Dec-2027,31000,26022.5,0,0,0,0,75,11,0,0,0,0,0,0,75,655,0,0
NIFTY,29-Dec-2026,14000,26022.5,NA,NA,NA,NA,NA,NA,NA,NA,29.666666666666668,0,29.5,20.05,750,10.05,0,0
NIFTY,29-Dec-2026,15000,26022.5,NA,NA,NA,NA,NA,NA,NA,NA,19.666666666666668,0,0,0,375,20.05,0,0
NIFTY,29-Dec-2026,16000,26022.5,NA,NA,NA,NA,NA,NA,NA,NA,32.333333333333336,0,0,0,225,20.25,0,0
NIFTY,29-Dec-2026,17000,26022.5,NA,NA,NA,NA,NA,NA,NA,NA,38,0,0,0,300,21,0,0
NIFTY,29-Dec-2026,18000,26022.5,NA,NA,NA,NA,NA,NA,NA,NA,79.33333333333333,0,0,0,225,23.3,0,0
NIFTY,29-Dec-2026,19000,26022.5,NA,NA,NA,NA,NA,NA,NA,NA,23,0,0,0,225,29.75,0,0
NIFTY,29-Dec-2026,20000,26022.5,0,0,0,0,75,6223,0,0,531.6666666666666,-21.666666666666668,21.32,101.5,150,101.95,102.7,75
NIFTY,29-Dec-2026,21000,26022.5,3,0,0,0,75,5675,0,0,533,-75.66666666666667,20.16,133.2,75,133.5,134.45,75
NIFTY,29-Dec-2026,22000,26022.5,25,0,0,0,75,5000.05,0,0,856.6666666666666,0,19,173.4,300,173.1,174.6,150
NIFTY,29-Dec-2026,23000,26022.5,68,0,0,0,150,4500,5000,75,1165.3333333333333,-60,18.47,253.45,150,254.15,255,75
NIFTY,29-Dec-2026,24000,26022.5,135,0,0,0,525,4014.35,4159.5,375,1451,-38,17.77,354,75,341.1,354.95,75
NIFTY,29-Dec-2026,25000,26022.5,1033.6666666666667,3,0,3325,75,3290,3349.5,450,3980.6666666666665,5,17.35,501.5,450,501.5,503.8,75
NIFTY,29-Dec-2026,26000,26022.5,774,26,0,2664.75,75,2622.7,2647.7,75,3034.3333333333335,78,16.94,713.4,75,703.15,715.7,150
NIFTY,29-Dec-2026,27000,26022.5,1160,-21,3.79,2021.25,75,1985.85,2014.45,75,1327,29,16.65,967,525,955.5,968.95,75
NIFTY,29-Dec-2026,28000,26022.5,1153,5,6.8,1425,75,1410,1433.35,75,1096,35,16.51,1300,75,1300,1315.1,75
NIFTY,29-Dec-2026,29000,26022.5,762,-1,7.28,936.05,75,937,956.65,75,146,0,16.97,1781,75,1760,1830.1,75
NIFTY,29-Dec-2026,30000,26022.5,1066,6,7.85,600,75,600,610,150,69,0,17.38,2325,75,2320,2400,75
NIFTY,29-Dec-2026,31000,26022.5,445,4,8.01,349.5,75,350,369.9,75,0,0,0,0,0,0,3400,150
NIFTY,29-Jun-2027,18000,26022.5,NA,NA,NA,NA,NA,NA,NA,NA,1.3333333333333333,0,0,0,300,29.55,0,0
NIFTY,29-Jun-2027,19000,26022.5,NA,NA,NA,NA,NA,NA,NA,NA,8,0,0,0,225,42.35,0,0
NIFTY,29-Jun-2027,20000,26022.5,NA,NA,NA,NA,NA,NA,NA,NA,0,0,0,0,300,66.8,0,0
NIFTY,29-Jun-2027,21000,26022.5,NA,NA,NA,NA,NA,NA,NA,NA,13.333333333333334,0,0,0,150,127.2,0,0
NIFTY,29-Jun-2027,22000,26022.5,NA,NA,NA,NA,NA,NA,NA,NA,0,0,0,0,300,150.05,0,0
NIFTY,29-Jun-2027,24000,26022.5,8,0,0,0,0,0,4800,150,NA,NA,NA,NA,NA,NA,NA,NA
NIFTY,29-Jun-2027,25000,26022.5,NA,NA,NA,NA,NA,NA,NA,NA,0,0,0,0,75,35,0,0
NIFTY,29-Jun-2027,26000,26022.5,NA,NA,NA,NA,NA,NA,NA,NA,0,0,0,0,75,30,0,0
NIFTY,29-Jun-2027,27000,26022.5,NA,NA,NA,NA,NA,NA,NA,NA,0,0,0,0,75,25,0,0
NIFTY,29-Jun-2027,28000,26022.5,NA,NA,NA,NA,NA,NA,NA,NA,0,0,0,0,300,300,0,0
NIFTY,29-Jun-2027,29000,26022.5,0,0,0,0,75,0.1,0,0,NA,NA,NA,NA,NA,NA,NA,NA
NIFTY,29-Jun-2027,30000,26022.5,0,0,0,0,225,4,0,0,NA,NA,NA,NA,NA,NA,NA,NA
NIFTY,29-Jun-2027,31000,26022.5,0,0,0,0,75,0.1,0,0,NA,NA,NA,NA,NA,NA,NA,NA
NIFTY,29-Sep-2026,20000,26022.5,NA,NA,NA,NA,NA,NA,NA,NA,0,0,0,0,150,33.95,99.1,75
NIFTY,29-Sep-2026,21000,26022.5,NA,NA,NA,NA,NA,NA,NA,NA,0,0,0,0,150,56.35,112.55,75
NIFTY,29-Sep-2026,22000,26022.5,NA,NA,NA,NA,NA,NA,NA,NA,0,0,0,0,75,107.05,219.75,75
NIFTY,29-Sep-2026,23000,26022.5,NA,NA,NA,NA,NA,NA,NA,NA,0,0,0,0,75,156.05,388.55,75
NIFTY,29-Sep-2026,24000,26022.5,NA,NA,NA,NA,NA,NA,NA,NA,0,0,0,0,75,231.05,1026.05,75
NIFTY,29-Sep-2026,25000,26022.5,NA,NA,NA,NA,NA,NA,NA,NA,0,0,0,0,75,335.15,1309.1,75
NIFTY,29-Sep-2026,26000,26022.5,NA,NA,NA,NA,NA,NA,NA,NA,0,0,0,0,750,505.05,1087,75
NIFTY,29-Sep-2026,27000,26022.5,0,0,0,0,75,119.5,0,0,0,0,0,0,750,745.05,2158.4,75
NIFTY,29-Sep-2026,28000,26022.5,0,0,0,0,75,36.9,0,0,NA,NA,NA,NA,NA,NA,NA,NA
NIFTY,29-Sep-2026,29000,26022.5,0,0,0,0,75,27,0,0,NA,NA,NA,NA,NA,NA,NA,NA
NIFTY,29-Sep-2026,30000,26022.5,0,0,0,0,75,18,0,0,NA,NA,NA,NA,NA,NA,NA,NA
NIFTY,29-Sep-2026,31000,26022.5,0,0,0,0,75,9.05,0,0,NA,NA,NA,NA,NA,NA,NA,NA
NIFTY,30-Dec-2025,13000,26022.5,NA,NA,NA,NA,NA,NA,NA,NA,401.6666666666667,6,60.94,3.1,225,3.15,3.6,525
NIFTY,30-Dec-2025,15000,26022.5,NA,NA,NA,NA,NA,NA,NA,NA,210.33333333333334,0,50.64,4,150,4.15,5.45,975
NIFTY,30-Dec-2025,16000,26022.5,4.666666666666667,0,0,0,75,10065.9,10525.4,1725,221.66666666666666,0,45.57,4.25,75,4.5,6,150
NIFTY,30-Dec-2025,16500,26022.5,NA,NA,NA,NA,NA,NA,NA,NA,43,0,0,0,1800,3.35,18.8,600
NIFTY,30-Dec-2025,17000,26022.5,1461,0,0,0,75,9172.5,9396.7,75,993.6666666666666,0,0,0,900,5.35,6.35,975
NIFTY,30-Dec-2025,18000,26022.5,845.3333333333334,0,0,0,75,8237,8394.8,75,2404.6666666666665,-4,38.35,8.1,5475,7.9,8.25,150
NIFTY,30-Dec-2025,19000,26022.5,149.66666666666666,0,0,0,75,7220,7409.35,75,5301.333333333333,2,34.93,11.4,1500,11.4,11.65,150
NIFTY,30-Dec-2025,19500,26022.5,15.333333333333334,0,0,0,150,6511.2,6916.2,75,NA,NA,NA,NA,NA,NA,NA,NA
NIFTY,30-Dec-2025,20000,26022.5,4908.666666666667,1,0,6250,75,6295,6331.65,75,10800,-13,30.77,13.8,1050,13.55,13.8,75
NIFTY,30-Dec-2025,21000,26022.5,5283.666666666667,-12,0,5345,75,5309.15,5341.5,75,20876.666666666668,155.33333333333334,27.1,17.65,4050,17.6,17.65,525
NIFTY,30-Dec-2025,22000,26022.5,6036.333333333333,-1,0,4372.3,150,4333.95,4363.2,150,21347.333333333332,79,22.9,20.95,750,20.8,20.95,450
NIFTY,30-Dec-2025,22850,26022.5,0,0,0,0,75,3449.65,3597.55,75,56,0,0,0,750,18.2,25.9,450
NIFTY,30-Dec-2025,22900,26022.5,0,0,0,0,75,3370.35,3553.5,75,101,2,19.56,27.7,150,22,26.8,450
NIFTY,30-Dec-2025,22950,26022.5,0,0,0,0,75,3322.9,3503.35,75,45,0,0,0,675,19.05,27.45,150
NIFTY,30-Dec-2025,23000,26022.5,8481.666666666666,-10,0,3374.5,75,3342.55,3367.7,75,32185.333333333332,187,18.94,26.5,75,26.55,26.7,975
NIFTY,30-Dec-2025,23050,26022.5,0,0,0,0,75,3228.15,3403.1,75,25,0,0,0,750,23,29.4,300
NIFTY,30-Dec-2025,23100,26022.5,0,0,0,0,75,3180.8,3353.05,75,42,-13,18.28,25.3,75,25.2,29,150
NIFTY,30-Dec-2025,23150,26022.5,0,0,0,0,75,3133.5,3303,75,30,0,0,0,150,22.05,30.4,450
NIFTY,30-Dec-2025,23200,26022.5,0,0,0,0,75,3086.2,3252.95,75,83,0,0,0,375,26,28.9,75
NIFTY,30-Dec-2025,23250,26022.5,0,0,0,0,75,3038.95,3202.95,75,77,0,0,0,825,22.1,29.6,150
NIFTY,30-Dec-2025,23300,26022.5,0,0,0,0,75,2989.7,3151.55,75,517,0,17.32,25.4,75,25,26.35,150
NIFTY,30-Dec-2025,23350,26022.5,0,0,0,0,75,2944.65,3155.25,1725,58,0,0,0,675,23.6,35,300
NIFTY,30-Dec-2025,23400,26022.5,0,0,0,0,75,2897.5,3053.1,75,1609,0,0,0,150,24.1,34,300
NIFTY,30-Dec-2025,23450,26022.5,0,0,0,0,75,2850.45,3003.25,75,37,0,0,0,1125,22.8,34.35,1725
NIFTY,30-Dec-2025,23500,26022.5,221,14,0,2807.9,75,2853,2872.9,75,5054,971,16.82,29.55,75,29.45,29.55,300
NIFTY,30-Dec-2025,23550,26022.5,0,0,0,0,75,2756.5,2903.6,75,43,-4,16.91,32.6,975,26.05,43.5,1650
NIFTY,30-Dec-2025,23600,26022.5,1,0,0,0,75,2709.6,2866.55,150,66,0,0,0,975,27.05,43,150
NIFTY,30-Dec-2025,23650,26022.5,0,0,0,0,75,2662.7,2804.15,75,30,0,16.45,33,1125,27.55,40.85,1050
NIFTY,30-Dec-2025,23700,26022.5,0,0,0,0,75,2616.5,2754.95,75,584,-63,16.34,34.5,150,33.25,37.25,75
NIFTY,30-Dec-2025,23750,26022.5,0,0,0,0,75,2569.15,2704.9,75,66,1,16.12,34.75,750,31.6,41.35,900
NIFTY,30-Dec-2025,23800,26022.5,0,0,0,0,75,2522.65,2655.5,75,1604,26,15.86,36.35,150,35.4,37.55,75
NIFTY,30-Dec-2025,23850,26022.5,0,0,0,0,75,2475.9,2605.85,75,22,-10,15.75,38.1,225,34.9,39.1,225
NIFTY,30-Dec-2025,23900,26022.5,0,0,0,0,75,2429.4,2556.5,75,1248,11,15.63,37.75,150,37.8,38.9,150
NIFTY,30-Dec-2025,23950,26022.5,0,0,0,0,75,2382.9,2507.05,75,102,0,0,0,225,38.65,41.6,225
NIFTY,30-Dec-2025,24000,26022.5,12291.666666666666,-39,0,2417.4,75,2388.25,2399.95,150,49631.666666666664,-91,15.41,41.15,375,41.1,41.2,75
NIFTY,30-Dec-2025,24050,26022.5,0,0,0,0,75,2290.3,2408.6,75,46,-5,15.16,41.4,225,41.45,44.15,75
NIFTY,30-Dec-2025,24100,26022.5,2,0,0,0,75,2249.6,2379.05,75,2002,-15,15.05,43.05,225,43.3,44.15,150
NIFTY,30-Dec-2025,24150,26022.5,0,0,0,0,75,2197.55,2309.9,75,44,-3,14.91,44.9,225,44.1,46.7,225
NIFTY,30-Dec-2025,24200,26022.5,2,0,0,0,75,2153.25,2275.65,75,2608,-45,14.77,46.6,75,46.05,47.45,150
NIFTY,30-Dec-2025,24250,26022.5,0,0,0,0,75,2105.1,2211.45,75,83,0,14.81,50.85,225,48.25,51,225
NIFTY,30-Dec-2025,24300,26022.5,7,0,0,0,75,2065.05,2182.35,150,2086,16,14.48,48.7,150,48.7,50.05,150
NIFTY,30-Dec-2025,24350,26022.5,2,0,0,0,75,2013.7,2114.1,75,147,0,0,0,225,52.4,54.7,225
NIFTY,30-Dec-2025,24400,26022.5,3,0,0,0,75,1970.5,2068.4,75,1753,4,14.17,53.5,300,53.45,54.85,225
NIFTY,30-Dec-2025,24450,26022.5,6,0,0,0,75,1923.45,2017.95,75,113,12,14.15,57.4,225,56.5,58.8,225
NIFTY,30-Dec-2025,24500,26022.5,642,-8,0,1930,150,1911.2,1926.6,75,13695,-65,13.99,59.8,225,59.75,59.9,150
NIFTY,30-Dec-2025,24550,26022.5,3,0,0,0,75,1836.3,1937.9,75,96,2,14.18,67.45,75,62.25,63.35,75
NIFTY,30-Dec-2025,24600,26022.5,18,0,0,0,75,1804.15,1848.8,150,1875,155,13.73,64.75,75,64.8,65.1,150
NIFTY,30-Dec-2025,24650,26022.5,3,0,0,0,75,1746.25,1825.05,75,119,0,13.98,74.2,75,68.8,69.85,75
NIFTY,30-Dec-2025,24700,26022.5,64,0,0,1710,75,1718.75,1743.8,75,4502,-17,13.52,71.35,225,71.55,72.2,75
NIFTY,30-Dec-2025,24750,26022.5,8,0,0,0,75,1668.05,1730.2,150,175,-8,13.58,77.9,75,76.1,77.6,75
NIFTY,30-Dec-2025,24800,26022.5,238,-58,9.6,1672,75,1632.35,1651.75,75,2774,26,13.36,80,375,79.55,80.2,225
NIFTY,30-Dec-2025,24850,26022.5,10,0,0,0,150,1584.8,1624.1,75,152,-3,13.29,84,75,84.95,85.65,75
NIFTY,30-Dec-2025,24900,26022.5,186,0,0,0,75,1529.05,1566.85,75,4405,39,13.21,89.65,300,89.05,89.6,75
NIFTY,30-Dec-2025,24950,26022.5,40,-2,7.1,1510,150,1495.1,1524.2,75,107,-5,13.18,95,150,95,96,150
NIFTY,30-Dec-2025,25000,26022.5,22126.666666666668,-30,9.03,1470,75,1463.6,1471.05,75,42423.666666666664,-9.333333333333334,13.19,103.1,450,103.1,103.45,675
NIFTY,30-Dec-2025,25050,26022.5,19,0,0,0,75,1392.65,1443.15,75,97,-6,12.99,105.25,75,106.1,107.1,75
NIFTY,30-Dec-2025,25100,26022.5,301,66,6.43,1362.2,75,1366.6,1384.25,150,2070,241,12.93,112.45,225,111.9,112.45,75
NIFTY,30-Dec-2025,25150,26022.5,21,0,0,0,75,1316.6,1360.45,75,64,-1,12.86,118,75,118.25,120.4,75
NIFTY,30-Dec-2025,25200,26022.5,839,1,9.11,1305.05,75,1286.6,1298.1,75,3953,239,12.78,126.2,150,125.85,126.35,150
NIFTY,30-Dec-2025,25250,26022.5,157,0,0,0,75,1241.35,1273.75,75,187,-15,12.77,133.4,75,133.75,134.9,150
NIFTY,30-Dec-2025,25300,26022.5,695,-28,9.81,1230.65,75,1207.9,1221.05,75,2809,627,12.63,140.8,75,140.45,140.85,150
NIFTY,30-Dec-2025,25350,26022.5,5,0,0,0,75,1143.6,1191.1,75,104,10,12.61,148.3,75,149.65,151.2,150
NIFTY,30-Dec-2025,25400,26022.5,237,-20,5.31,1068,75,1121.1,1136.9,75,1570,62,12.54,156.65,75,157.75,158.2,75
NIFTY,30-Dec-2025,25450,26022.5,20,0,0,0,150,1063.25,1109,150,428,5,12.53,167.55,75,167.2,168.6,150
NIFTY,30-Dec-2025,25500,26022.5,5491,-9,9.74,1052.05,225,1048.35,1053.55,225,17688,521,12.48,179.6,225,179.05,179.85,225
NIFTY,30-Dec-2025,25550,26022.5,24,0,0,907,75,1002.95,1026.65,150,127,-34,12.39,186.4,75,187.55,188.85,150
NIFTY,30-Dec-2025,25600,26022.5,382,-2,9.98,980,75,970.45,977.2,75,2537,60,12.29,192.6,75,197.25,197.95,150
NIFTY,30-Dec-2025,25650,26022.5,78,0,0,0,75,928.25,954.45,150,186,13,12.33,210.35,75,210.45,212.2,150
NIFTY,30-Dec-2025,25700,26022.5,545,-4,10.29,921,75,896.8,904.1,75,2140,141,12.18,221.7,75,220.95,222,75
NIFTY,30-Dec-2025,25750,26022.5,37,0,0,0,75,856.5,880.7,150,195,-25,12.24,235.05,75,235.7,237.4,150
NIFTY,30-Dec-2025,25800,26022.5,999,-63,9.96,840.9,75,824.7,831.35,75,2435,-63,12.19,248.95,75,249.1,249.6,75
NIFTY,30-Dec-2025,25850,26022.5,146,44,9.7,792.05,75,789.55,795.95,75,225,-61,12.14,262.1,75,263.9,265.85,150
NIFTY,30-Dec-2025,25900,26022.5,422,-6,9.93,765.65,150,758.55,763.35,75,973,-65,12.1,278.7,150,278.75,280.3,75
NIFTY,30-Dec-2025,25950,26022.5,81,-3,9.78,726.15,75,723.65,728.85,75,165,5,12.07,289.65,75,293.85,295.85,150
NIFTY,30-Dec-2025,26000,26022.5,51281.333333333336,-515,9.98,694.1,75,692.65,695,75,52841.333333333336,381.3333333333333,12.08,315,225,313.8,315.3,150
NIFTY,30-Dec-2025,26050,26022.5,80,6,9.99,679,75,658.3,663.15,75,128,-1,11.97,324.35,150,328.45,331.1,225
NIFTY,30-Dec-2025,26100,26022.5,1432,-252,9.96,636.15,75,628.35,630.35,75,1145,38,12.03,350.45,75,348.6,350.95,75
NIFTY,30-Dec-2025,26150,26022.5,106,0,9.86,601.55,75,600.6,603.1,75,133,3,11.78,357.8,150,365.85,367.65,150
NIFTY,30-Dec-2025,26200,26022.5,2716,-29,9.99,581,75,568.3,570.4,75,862,88,11.93,386.55,150,385.05,387.2,225
NIFTY,30-Dec-2025,26250,26022.5,130,-1,10.25,544,75,542.6,544.55,75,104,9,11.76,396,150,406.65,408.9,75
NIFTY,30-Dec-2025,26300,26022.5,775,28,9.95,513,150,512,514,75,1050,325,11.87,428.25,75,429.05,431,75
NIFTY,30-Dec-2025,26350,26022.5,59,18,10.02,490.45,150,489.15,490.85,150,276,155,11.78,451.15,150,450.2,452.25,150
NIFTY,30-Dec-2025,26400,26022.5,655,104,9.97,460,150,460.05,460.7,75,632,56,11.89,474.85,75,473.85,476.35,150
NIFTY,30-Dec-2025,26450,26022.5,35,0,9.07,403.15,75,432.55,440.25,75,50,0,0,0,150,491.05,505.9,75
NIFTY,30-Dec-2025,26500,26022.5,14608,153,9.98,414,150,411.65,412.9,75,4582,283,11.87,523.35,150,523.8,525,225
NIFTY,30-Dec-2025,26550,26022.5,43,-8,9.95,390.45,150,388.15,390.3,75,65,0,0,0,150,540.35,555.6,75
NIFTY,30-Dec-2025,26600,26022.5,700,34,9.95,365,150,364.25,366.2,150,132,-23,11.96,562,300,574,579.75,75
NIFTY,30-Dec-2025,26650,26022.5,88,8,10.05,346.1,150,345.3,347.15,75,42,0,11.58,585.05,75,588.35,605.8,975
NIFTY,30-Dec-2025,26700,26022.5,1270,-316,10.03,324.95,75,323.1,323.65,75,163,19,11.9,631.85,75,630.05,631.95,75
NIFTY,30-Dec-2025,26750,26022.5,142,-6,10.18,318.05,150,302.35,305.4,75,39,0,0,0,75,650.65,674.5,75
NIFTY,30-Dec-2025,26800,26022.5,1499,637,9.9,284.35,225,282.65,284.45,225,65,2,11.9,690,75,686.45,692.3,75
NIFTY,30-Dec-2025,26850,26022.5,98,1,9.94,270.8,150,266.35,269,75,43,-1,12.55,742.15,75,713.9,730.7,75
NIFTY,30-Dec-2025,26900,26022.5,390,40,9.94,255.55,150,247.8,249.8,75,62,0,11.54,731.4,75,750.05,757.8,75
NIFTY,30-Dec-2025,26950,26022.5,73,3,9.93,236.8,75,231,233.6,75,10,0,0,0,75,772.6,789,75
NIFTY,30-Dec-2025,27000,26022.5,40728.666666666664,-213,9.96,218.4,300,218.1,218.9,150,11667,150,12.05,816,75,820.05,825.25,225
NIFTY,30-Dec-2025,27050,26022.5,60,-2,9.47,189.15,75,200.15,203.95,75,4,0,0,0,75,821.2,866.75,75
NIFTY,30-Dec-2025,27100,26022.5,464,26,9.9,195.6,150,187.75,189.4,225,4,0,0,0,75,855.15,911.7,75
NIFTY,30-Dec-2025,27150,26022.5,0,0,0,0,825,165.15,191.3,3300,4,0,0,0,75,888.2,930.3,75
NIFTY,30-Dec-2025,27200,26022.5,0,0,0,0,75,170,182.7,675,4,0,0,957.5,150,945.1,965.65,75
NIFTY,30-Dec-2025,27250,26022.5,0,0,0,0,1800,143.35,173.1,1200,3,0,0,0,300,963.8,1015,75
NIFTY,30-Dec-2025,27300,26022.5,989,229,9.82,139.7,150,138.1,138.9,75,25,0,0,0,150,998.55,1052.7,75
NIFTY,30-Dec-2025,27350,26022.5,0,0,0,0,1350,122.6,156.3,600,2,0,0,0,225,1034.5,1094.7,75
NIFTY,30-Dec-2025,27400,26022.5,0,0,0,0,1800,113.5,148.35,600,2,0,0,0,225,1073.3,1125.55,75
NIFTY,30-Dec-2025,27450,26022.5,0,0,0,0,600,106.1,141.3,600,3,0,0,0,75,1121.25,1181.35,75
NIFTY,30-Dec-2025,27500,26022.5,8236,1735,9.98,103.5,525,102.8,103.2,375,226,3,12.5,1177.35,75,1188.85,1202.75,75
NIFTY,30-Dec-2025,27550,26022.5,32,9,9.9,95.35,150,93.6,95.25,75,1,0,0,0,225,1192.9,1263.2,75
NIFTY,30-Dec-2025,27600,26022.5,116,52,9.94,88.85,75,86.5,87.55,75,1,0,0,0,225,1234.05,1305.85,75
NIFTY,30-Dec-2025,27650,26022.5,60,32,9.92,81.05,150,79.85,81.2,75,0,0,0,0,225,1272.4,1348.45,75
NIFTY,30-Dec-2025,27700,26022.5,0,0,0,0,150,71.55,104.25,1200,1,0,13.92,1387.75,225,1323.45,1383.3,75
NIFTY,30-Dec-2025,28000,26022.5,29939.333333333332,947,10.15,46.2,75,46.25,46.35,300,11563.333333333334,27,13.85,1615.3,75,1633.15,1643.8,75
NIFTY,30-Dec-2025,29000,26022.5,14440.666666666666,74,11.6,14.25,2025,14.25,14.3,150,8703.333333333334,-8,17,2564.9,75,2578.6,2597.3,75
NIFTY,30-Dec-2025,30000,26022.5,9735.333333333334,152,14.08,9.25,600,9.2,9.3,225,2784.6666666666665,7,22.29,3562.85,75,3555.2,3572.5,75
NIFTY,30-Dec-2025,31000,26022.5,5468.333333333333,114,16.48,6.6,150,6.6,6.8,150,2,0,0,0,75,4323.3,4653.95,75
NIFTY,30-Jun-2026,14000,26022.5,NA,NA,NA,NA,NA,NA,NA,NA,20.333333333333332,0,36.52,19.9,0,0,0,0
NIFTY,30-Jun-2026,15000,26022.5,NA,NA,NA,NA,NA,NA,NA,NA,17,0,32.72,18,150,3.15,20,75
NIFTY,30-Jun-2026,16000,26022.5,NA,NA,NA,NA,NA,NA,NA,NA,32.333333333333336,0,30.02,20.05,150,10,0,0
NIFTY,30-Jun-2026,19000,26022.5,1.3333333333333333,0,0,0,75,7122.45,0,0,3.3333333333333335,0,0,0,300,21.45,0,0
NIFTY,30-Jun-2026,20000,26022.5,NA,NA,NA,NA,NA,NA,NA,NA,4691,0,0,0,600,25.8,46.1,75
NIFTY,30-Jun-2026,21000,26022.5,NA,NA,NA,NA,NA,NA,NA,NA,4997,1,19.62,57.6,75,52.25,57.5,300
NIFTY,30-Jun-2026,22000,26022.5,NA,NA,NA,NA,NA,NA,NA,NA,823,2,17.69,73,75,67,69.35,75
NIFTY,30-Jun-2026,23000,26022.5,NA,NA,NA,NA,NA,NA,NA,NA,2780,9,15.87,98.5,150,95.15,97.45,75
NIFTY,30-Jun-2026,24000,26022.5,68,2,0,3233.85,75,3224.9,3278.6,75,4004,49,14.93,160.15,75,158.05,160.7,75
NIFTY,30-Jun-2026,25000,26022.5,492,3,0,2443.75,150,2432.35,2466,225,4009,12,14.27,276.05,75,277.1,280,75
NIFTY,30-Jun-2026,26000,26022.5,1856.6666666666667,-15,4.7,1725,75,1715.05,1729.5,150,3138,84,13.92,488.2,150,482.2,488.05,75
NIFTY,30-Jun-2026,27000,26022.5,5061,48,7.49,1092,75,1082.45,1090.35,150,3008,157,13.96,815.15,75,820.1,825.85,75
NIFTY,30-Jun-2026,28000,26022.5,193,70,8.26,630.75,75,625,631.6,150,18,0,0,0,75,600,1382.8,375
NIFTY,30-Jun-2026,29000,26022.5,0,0,0,0,150,40.1,0,0,1,0,0,0,0,0,3238.8,75
NIFTY,30-Jun-2026,30000,26022.5,1253,464,9.09,164.9,75,162.85,167.6,75,NA,NA,NA,NA,NA,NA,NA,NA
NIFTY,30-Jun-2026,31000,26022.5,0,0,0,0,75,21.05,500.95,75,NA,NA,NA,NA,NA,NA,NA,NA
NIFTY,31-Mar-2026,19000,26022.5,NA,NA,NA,NA,NA,NA,NA,NA,7,0,0,0,75,12.5,0,0
NIFTY,31-Mar-2026,20000,26022.5,NA,NA,NA,NA,NA,NA,NA,NA,1141,3,24.22,34,225,33.3,34,750
NIFTY,31-Mar-2026,21000,26022.5,3,0,0,0,75,4558.55,0,0,1764,46,21.81,42.85,300,42.65,43.85,225
NIFTY,31-Mar-2026,22000,26022.5,7,0,0,0,75,4418.55,4872.8,75,3840,25,19.27,55.15,75,55.25,56.7,225
NIFTY,31-Mar-2026,23000,26022.5,9,0,0,0,75,3560.3,3902.85,75,6162,-386,17.02,76.3,225,75.95,76.65,300
NIFTY,31-Mar-2026,24000,26022.5,1789,-11,0,2918.75,150,2866.3,2899.15,75,14753,-214,15.08,117,150,117.25,117.8,225
NIFTY,31-Mar-2026,25000,26022.5,4906,-1,0,2050,150,2022.55,2036.3,75,14133,-15,13.82,215,75,214.35,215,2250
NIFTY,31-Mar-2026,26000,26022.5,10453,-39,8.62,1280,75,1274,1276.35,75,13459,-50,13.21,427.95,75,427.55,428,75
NIFTY,31-Mar-2026,27000,26022.5,15462,270,9.19,680.85,150,678.55,682.1,75,5276,59,12.89,792.75,75,793.95,798.6,75
NIFTY,31-Mar-2026,28000,26022.5,14266,-12,9.33,307.1,150,305.9,307.7,75,1850,-6,13.62,1381.05,75,1381.45,1390,75
NIFTY,31-Mar-2026,29000,26022.5,3603,-60,9.68,127.25,75,124.65,125.6,75,192,-3,14.86,2154,75,2144.1,2168.65,75
NIFTY,31-Mar-2026,30000,26022.5,3218,83,10.54,59.4,750,58.25,59.35,75,78,3,17.16,3040,75,3034.7,3072.85,150
NIFTY,31-Mar-2026,31000,26022.5,120,-2,11.66,33.35,75,33.3,36.45,375,28,0,0,0,75,3710.1,4281.2,75
